agent_id,control_reg,control_reg_id,state_id,state,sector_abbr,tariff_class,country_abbr,customers_in_bin,load_in_bin_kwh,load_per_customer_in_bin_kwh,max_demand_kw,avg_monthly_kwh,owner_occupancy_status,cap_cost_multiplier,developable_buildings_pct,bldg_size_class,rate_id_alias
1,Occidental,3,1,Aguascalientes,res,1,MEX,399237,498873678,1249.567745,9351,94,1,1,0.6,small,0
2,Occidental,3,1,Aguascalientes,com,2,MEX,49859,146874027,2945.787661,9351,221,1,1,0.6,small,17
3,Occidental,3,1,Aguascalientes,com,3,MEX,21,646704.57,30795.45571,9351,2307,1,1,0.6,small,18
4,Occidental,3,1,Aguascalientes,com,5,MEX,0,0,0,9351,0,1,1,0.6,small,15
5,Occidental,3,1,Aguascalientes,com,6,MEX,372,46471511,124923.4167,9351,9359,1,1,0.6,small,21
6,Occidental,3,1,Aguascalientes,com,7,MEX,11,49012.387,4455.671545,9351,334,1,1,0.6,small,22
7,Occidental,3,1,Aguascalientes,com,9,MEX,4,8115.3408,2028.8352,9351,152,1,1,0.6,small,23
8,Occidental,3,1,Aguascalientes,res,1A,MEX,68,12132.968,178.426,9351,13,1,1,0.6,small,1
9,Occidental,3,1,Aguascalientes,res,1B,MEX,64,58435.793,913.0592656,9351,68,1,1,0.6,small,2
10,Occidental,3,1,Aguascalientes,res,1C,MEX,0,0,0,9351,0,1,1,0.6,small,3
11,Occidental,3,1,Aguascalientes,res,1D,MEX,0,0,0,9351,0,1,1,0.6,small,4
12,Occidental,3,1,Aguascalientes,res,1E,MEX,0,0,0,9351,0,1,1,0.6,small,5
13,Occidental,3,1,Aguascalientes,res,1F,MEX,0,0,0,9351,0,1,1,0.6,small,6
14,Occidental,3,1,Aguascalientes,com,5A,MEX,3940,78368258,19890.42081,9351,1490,1,1,0.6,small,19
15,Occidental,3,1,Aguascalientes,com,9CU,MEX,36,427843.97,11884.55472,9351,890,1,1,0.6,small,25
16,Occidental,3,1,Aguascalientes,com,9M,MEX,126,540617.84,4290.617778,9351,321,1,1,0.6,small,24
17,Occidental,3,1,Aguascalientes,com,9N,MEX,2199,299392781,136149.5139,9351,10200,1,1,0.6,small,26
18,Occidental,3,1,Aguascalientes,res,DAC,MEX,3914,22437769,5732.695197,9351,429,1,1,0.6,small,9
19,Occidental,3,1,Aguascalientes,ind,HM,MEX,1069,1127000000,1054256.314,9351,78990,1,1,0.6,small,42
20,Occidental,3,1,Aguascalientes,ind,HMC,MEX,0,0,0,9351,0,1,1,0.6,small,42
21,Occidental,3,1,Aguascalientes,ind,HMCF,MEX,0,0,0,9351,0,1,1,0.6,small,42
22,Occidental,3,1,Aguascalientes,ind,HMF,MEX,1,155899.97,155899.97,9351,11680,1,1,0.6,small,42
23,Occidental,3,1,Aguascalientes,ind,HS,MEX,5,153322186,30664437.2,9351,2297375,1,1,0.6,small,42
24,Occidental,3,1,Aguascalientes,ind,HSF,MEX,0,0,0,9351,0,1,1,0.6,small,42
25,Occidental,3,1,Aguascalientes,ind,HSL,MEX,6,140934012,23489002,9351,1759792,1,1,0.6,small,42
26,Occidental,3,1,Aguascalientes,ind,HSLF,MEX,0,0,0,9351,0,1,1,0.6,small,42
27,Occidental,3,1,Aguascalientes,ind,HT,MEX,2,295631868,147815934,9351,11074346,1,1,0.6,small,42
28,Occidental,3,1,Aguascalientes,ind,HTF,MEX,0,0,0,9351,0,1,1,0.6,small,42
29,Occidental,3,1,Aguascalientes,ind,HTL,MEX,0,0,0,9351,0,1,1,0.6,small,42
30,Occidental,3,1,Aguascalientes,ind,HTLF,MEX,0,0,0,9351,0,1,1,0.6,small,42
31,Occidental,3,1,Aguascalientes,ind,OM,MEX,3522,203531212,57788.53265,9351,4330,1,1,0.6,small,34
32,Occidental,3,1,Aguascalientes,ind,OMF,MEX,0,0,0,9351,0,1,1,0.6,small,34
33,BajaCalifornia,8,2,BajaCalifornia,res,1,MEX,211366,359242205,1699.621533,2621,127,1,1,0.6,small,0
34,BajaCalifornia,8,2,BajaCalifornia,com,2,MEX,99890,502151728,5027.047032,2621,377,1,1,0.6,small,17
35,BajaCalifornia,8,2,BajaCalifornia,com,3,MEX,1124,49389510,43940.8452,2621,3292,1,1,0.6,small,18
36,BajaCalifornia,8,2,BajaCalifornia,com,5,MEX,0,0,0,2621,0,1,1,0.6,small,15
37,BajaCalifornia,8,2,BajaCalifornia,com,6,MEX,484,59561970,123061.9215,2621,9220,1,1,0.6,small,21
38,BajaCalifornia,8,2,BajaCalifornia,com,7,MEX,2,68086.108,34043.054,2621,2551,1,1,0.6,small,22
39,BajaCalifornia,8,2,BajaCalifornia,com,9,MEX,91,436826.91,4800.295714,2621,360,1,1,0.6,small,23
40,BajaCalifornia,8,2,BajaCalifornia,res,1A,MEX,556906,1026000000,1842.321684,2621,138,1,1,0.6,small,1
41,BajaCalifornia,8,2,BajaCalifornia,res,1B,MEX,1,0,0,2621,0,1,1,0.6,small,2
42,BajaCalifornia,8,2,BajaCalifornia,res,1C,MEX,223,1549416.1,6948.05426,2621,521,1,1,0.6,small,3
43,BajaCalifornia,8,2,BajaCalifornia,res,1D,MEX,222,0,0,2621,0,1,1,0.6,small,4
44,BajaCalifornia,8,2,BajaCalifornia,res,1E,MEX,5,0,0,2621,0,1,1,0.6,small,5
45,BajaCalifornia,8,2,BajaCalifornia,res,1F,MEX,345549,1116000000,3229.643263,2621,242,1,1,0.6,small,6
46,BajaCalifornia,8,2,BajaCalifornia,com,5A,MEX,3070,105212510,34271.1759,2621,2568,1,1,0.6,small,19
47,BajaCalifornia,8,2,BajaCalifornia,com,9CU,MEX,1303,42530312,32640.30084,2621,2445,1,1,0.6,small,25
48,BajaCalifornia,8,2,BajaCalifornia,com,9M,MEX,103,3645229.6,35390.57864,2621,2651,1,1,0.6,small,24
49,BajaCalifornia,8,2,BajaCalifornia,com,9N,MEX,1303,161205906,123719.0376,2621,9269,1,1,0.6,small,26
50,BajaCalifornia,8,2,BajaCalifornia,res,DAC,MEX,25065,119400836,4763.647955,2621,357,1,1,0.6,small,13
51,BajaCalifornia,8,2,BajaCalifornia,ind,HM,MEX,3175,3510000000,1105511.811,2621,82830,1,1,0.6,small,35
52,BajaCalifornia,8,2,BajaCalifornia,ind,HMC,MEX,37,28841240,779492.973,2621,58399,1,1,0.6,small,35
53,BajaCalifornia,8,2,BajaCalifornia,ind,HMCF,MEX,0,0,0,2621,0,1,1,0.6,small,35
54,BajaCalifornia,8,2,BajaCalifornia,ind,HMF,MEX,0,0,0,2621,0,1,1,0.6,small,35
55,BajaCalifornia,8,2,BajaCalifornia,ind,HS,MEX,89,909952729,10224187.97,2621,765995,1,1,0.6,small,35
56,BajaCalifornia,8,2,BajaCalifornia,ind,HSF,MEX,0,0,0,2621,0,1,1,0.6,small,35
57,BajaCalifornia,8,2,BajaCalifornia,ind,HSL,MEX,16,518572626,32410789.13,2621,2428211,1,1,0.6,small,35
58,BajaCalifornia,8,2,BajaCalifornia,ind,HSLF,MEX,0,0,0,2621,0,1,1,0.6,small,35
59,BajaCalifornia,8,2,BajaCalifornia,ind,HT,MEX,13,360632464,27740958.77,2621,2078348,1,1,0.6,small,35
60,BajaCalifornia,8,2,BajaCalifornia,ind,HTF,MEX,0,0,0,2621,0,1,1,0.6,small,35
61,BajaCalifornia,8,2,BajaCalifornia,ind,HTL,MEX,1,41270005,41270005,2621,3091942,1,1,0.6,small,35
62,BajaCalifornia,8,2,BajaCalifornia,ind,HTLF,MEX,0,0,0,2621,0,1,1,0.6,small,35
63,BajaCalifornia,8,2,BajaCalifornia,ind,OM,MEX,13325,822880528,61754.63625,2621,4627,1,1,0.6,small,27
64,BajaCalifornia,8,2,BajaCalifornia,ind,OMF,MEX,0,0,0,2621,0,1,1,0.6,small,27
65,BajaCaliforniaSur,9,3,BajaCaliforniaSur,res,1,MEX,2407,4666294.3,1938.63494,442,145,1,1,0.6,small,0
66,BajaCaliforniaSur,9,3,BajaCaliforniaSur,com,2,MEX,32671,183511494,5616.95369,442,421,1,1,0.6,small,17
67,BajaCaliforniaSur,9,3,BajaCaliforniaSur,com,3,MEX,342,13797935,40344.83918,442,3023,1,1,0.6,small,18
68,BajaCaliforniaSur,9,3,BajaCaliforniaSur,com,5,MEX,0,0,0,442,0,1,1,0.6,small,15
69,BajaCaliforniaSur,9,3,BajaCaliforniaSur,com,6,MEX,323,102371233,316938.8019,442,23745,1,1,0.6,small,21
70,BajaCaliforniaSur,9,3,BajaCaliforniaSur,com,7,MEX,14,414389.59,29599.25643,442,2218,1,1,0.6,small,22
71,BajaCaliforniaSur,9,3,BajaCaliforniaSur,com,9,MEX,34,413121.57,12150.63441,442,910,1,1,0.6,small,23
72,BajaCaliforniaSur,9,3,BajaCaliforniaSur,res,1A,MEX,8498,17301706,2035.973876,442,153,1,1,0.6,small,1
73,BajaCaliforniaSur,9,3,BajaCaliforniaSur,res,1B,MEX,9016,12302817,1364.553793,442,102,1,1,0.6,small,2
74,BajaCaliforniaSur,9,3,BajaCaliforniaSur,res,1C,MEX,113327,286711774,2529.95115,442,190,1,1,0.6,small,3
75,BajaCaliforniaSur,9,3,BajaCaliforniaSur,res,1D,MEX,3237,5912920.1,1826.666698,442,137,1,1,0.6,small,4
76,BajaCaliforniaSur,9,3,BajaCaliforniaSur,res,1E,MEX,105420,254086542,2410.230905,442,181,1,1,0.6,small,5
77,BajaCaliforniaSur,9,3,BajaCaliforniaSur,res,1F,MEX,3,0,0,442,0,1,1,0.6,small,6
78,BajaCaliforniaSur,9,3,BajaCaliforniaSur,com,5A,MEX,1805,40130787,22233.12299,442,1666,1,1,0.6,small,19
79,BajaCaliforniaSur,9,3,BajaCaliforniaSur,com,9CU,MEX,496,52007615,104854.0625,442,7856,1,1,0.6,small,25
80,BajaCaliforniaSur,9,3,BajaCaliforniaSur,com,9M,MEX,38,2867838.6,75469.43684,442,5654,1,1,0.6,small,24
81,BajaCaliforniaSur,9,3,BajaCaliforniaSur,com,9N,MEX,595,137471164,231043.9731,442,17310,1,1,0.6,small,26
82,BajaCaliforniaSur,9,3,BajaCaliforniaSur,res,DAC,MEX,3058,81462325,26639.086,442,1996,1,1,0.6,small,14
83,BajaCaliforniaSur,9,3,BajaCaliforniaSur,ind,HM,MEX,1242,689096118,554827.7923,442,41568,1,1,0.6,small,37
84,BajaCaliforniaSur,9,3,BajaCaliforniaSur,ind,HMC,MEX,0,0,0,442,0,1,1,0.6,small,37
85,BajaCaliforniaSur,9,3,BajaCaliforniaSur,ind,HMCF,MEX,0,0,0,442,0,1,1,0.6,small,37
86,BajaCaliforniaSur,9,3,BajaCaliforniaSur,ind,HMF,MEX,0,0,0,442,0,1,1,0.6,small,37
87,BajaCaliforniaSur,9,3,BajaCaliforniaSur,ind,HS,MEX,3,146494648,48831549.33,442,3658452,1,1,0.6,small,37
88,BajaCaliforniaSur,9,3,BajaCaliforniaSur,ind,HSF,MEX,0,0,0,442,0,1,1,0.6,small,37
89,BajaCaliforniaSur,9,3,BajaCaliforniaSur,ind,HSL,MEX,0,0,0,442,0,1,1,0.6,small,37
90,BajaCaliforniaSur,9,3,BajaCaliforniaSur,ind,HSLF,MEX,0,0,0,442,0,1,1,0.6,small,37
91,BajaCaliforniaSur,9,3,BajaCaliforniaSur,ind,HT,MEX,0,0,0,442,0,1,1,0.6,small,37
92,BajaCaliforniaSur,9,3,BajaCaliforniaSur,ind,HTF,MEX,0,0,0,442,0,1,1,0.6,small,37
93,BajaCaliforniaSur,9,3,BajaCaliforniaSur,ind,HTL,MEX,0,0,0,442,0,1,1,0.6,small,37
94,BajaCaliforniaSur,9,3,BajaCaliforniaSur,ind,HTLF,MEX,0,0,0,442,0,1,1,0.6,small,37
95,BajaCaliforniaSur,9,3,BajaCaliforniaSur,ind,OM,MEX,2476,165841594,66979.64216,442,5018,1,1,0.6,small,28
96,BajaCaliforniaSur,9,3,BajaCaliforniaSur,ind,OMF,MEX,0,0,0,442,0,1,1,0.6,small,28
97,Peninsular,7,4,Campeche,res,1,MEX,0,0,0,1893,0,1,1,0.6,small,0
98,Peninsular,7,4,Campeche,com,2,MEX,25513,116393795,4562.136754,1893,342,1,1,0.6,small,17
99,Peninsular,7,4,Campeche,com,3,MEX,74,4278132.7,57812.60405,1893,4331,1,1,0.6,small,18
100,Peninsular,7,4,Campeche,com,5,MEX,0,0,0,1893,0,1,1,0.6,small,15
101,Peninsular,7,4,Campeche,com,6,MEX,607,33793120,55672.35585,1893,4171,1,1,0.6,small,21
102,Peninsular,7,4,Campeche,com,7,MEX,30,102976.73,3432.557667,1893,257,1,1,0.6,small,22
103,Peninsular,7,4,Campeche,com,9,MEX,346,486119.59,1404.969913,1893,105,1,1,0.6,small,23
104,Peninsular,7,4,Campeche,res,1A,MEX,0,0,0,1893,0,1,1,0.6,small,1
105,Peninsular,7,4,Campeche,res,1B,MEX,7,34890.626,4984.375143,1893,373,1,1,0.6,small,2
106,Peninsular,7,4,Campeche,res,1C,MEX,274736,582571405,2120.477131,1893,159,1,1,0.6,small,3
107,Peninsular,7,4,Campeche,res,1D,MEX,13,5953.0296,457.9253538,1893,34,1,1,0.6,small,4
108,Peninsular,7,4,Campeche,res,1E,MEX,0,0,0,1893,0,1,1,0.6,small,5
109,Peninsular,7,4,Campeche,res,1F,MEX,0,0,0,1893,0,1,1,0.6,small,6
110,Peninsular,7,4,Campeche,com,5A,MEX,900,83225169,92472.41,1893,6928,1,1,0.6,small,19
111,Peninsular,7,4,Campeche,com,9CU,MEX,936,19394049,20720.13782,1893,1552,1,1,0.6,small,25
112,Peninsular,7,4,Campeche,com,9M,MEX,90,408182.96,4535.366222,1893,340,1,1,0.6,small,24
113,Peninsular,7,4,Campeche,com,9N,MEX,39,9307775.3,238660.9051,1893,17880,1,1,0.6,small,26
114,Peninsular,7,4,Campeche,res,DAC,MEX,1568,18853819,12024.11926,1893,901,1,1,0.6,small,8
116,Peninsular,7,4,Campeche,ind,HMC,MEX,0,0,0,1893,0,1,1,0.6,small,42
117,Peninsular,7,4,Campeche,ind,HMCF,MEX,0,0,0,1893,0,1,1,0.6,small,42
118,Peninsular,7,4,Campeche,ind,HMF,MEX,0,0,0,1893,0,1,1,0.6,small,42
119,Peninsular,7,4,Campeche,ind,HS,MEX,0,0,0,1893,0,1,1,0.6,small,42
120,Peninsular,7,4,Campeche,ind,HSF,MEX,0,0,0,1893,0,1,1,0.6,small,42
121,Peninsular,7,4,Campeche,ind,HSL,MEX,0,0,0,1893,0,1,1,0.6,small,42
122,Peninsular,7,4,Campeche,ind,HSLF,MEX,0,0,0,1893,0,1,1,0.6,small,42
123,Peninsular,7,4,Campeche,ind,HT,MEX,1,11408087,11408087,1893,854692,1,1,0.6,small,42
124,Peninsular,7,4,Campeche,ind,HTF,MEX,0,0,0,1893,0,1,1,0.6,small,42
125,Peninsular,7,4,Campeche,ind,HTL,MEX,0,0,0,1893,0,1,1,0.6,small,42
126,Peninsular,7,4,Campeche,ind,HTLF,MEX,0,0,0,1893,0,1,1,0.6,small,42
127,Peninsular,7,4,Campeche,ind,OM,MEX,1981,146488989,73946.99091,1893,5540,1,1,0.6,small,33
128,Peninsular,7,4,Campeche,ind,OMF,MEX,0,0,0,1893,0,1,1,0.6,small,33
129,Oriental,2,5,Chiapas,res,1,MEX,366994,357396312,973.847834,7128,73,1,1,0.6,small,0
130,Oriental,2,5,Chiapas,com,2,MEX,113706,264913034,2329.806993,7128,175,1,1,0.6,small,17
131,Oriental,2,5,Chiapas,com,3,MEX,180,3058055.3,16989.19611,7128,1273,1,1,0.6,small,18
132,Oriental,2,5,Chiapas,com,5,MEX,0,0,0,7128,0,1,1,0.6,small,15
133,Oriental,2,5,Chiapas,com,6,MEX,824,26757346,32472.50728,7128,2433,1,1,0.6,small,21
134,Oriental,2,5,Chiapas,com,7,MEX,82,52215.811,636.7781829,7128,48,1,1,0.6,small,22
135,Oriental,2,5,Chiapas,com,9,MEX,278,595369.7,2141.617626,7128,160,1,1,0.6,small,23
136,Oriental,2,5,Chiapas,res,1A,MEX,327944,66556833,202.9518241,7128,15,1,1,0.6,small,1
137,Oriental,2,5,Chiapas,res,1B,MEX,392807,4951065.3,12.60432044,7128,1,1,1,0.6,small,2
138,Oriental,2,5,Chiapas,res,1C,MEX,259815,398236618,1532.769925,7128,115,1,1,0.6,small,3
139,Oriental,2,5,Chiapas,res,1D,MEX,16582,191023470,11519.92944,7128,863,1,1,0.6,small,4
140,Oriental,2,5,Chiapas,res,1E,MEX,0,407271982,0,7128,0,1,1,0.6,small,5
141,Oriental,2,5,Chiapas,res,1F,MEX,0,0,0,7128,0,1,1,0.6,small,6
142,Oriental,2,5,Chiapas,com,5A,MEX,4886,154555544,31632.32583,7128,2370,1,1,0.6,small,19
143,Oriental,2,5,Chiapas,com,9CU,MEX,988,30085624,30451.03644,7128,2281,1,1,0.6,small,25
144,Oriental,2,5,Chiapas,com,9M,MEX,95,7536081.7,79327.17579,7128,5943,1,1,0.6,small,24
145,Oriental,2,5,Chiapas,com,9N,MEX,226,621154325,2748470.465,7128,205915,1,1,0.6,small,26
146,Oriental,2,5,Chiapas,res,DAC,MEX,6653,49349961,7417.700436,7128,556,1,1,0.6,small,9
147,Oriental,2,5,Chiapas,ind,HM,MEX,1099,3314000000,3015468.608,7128,225887,1,1,0.6,small,42
148,Oriental,2,5,Chiapas,ind,HMC,MEX,0,0,0,7128,0,1,1,0.6,small,42
149,Oriental,2,5,Chiapas,ind,HMCF,MEX,0,0,0,7128,0,1,1,0.6,small,42
150,Oriental,2,5,Chiapas,ind,HMF,MEX,0,0,0,7128,0,1,1,0.6,small,42
151,Oriental,2,5,Chiapas,ind,HS,MEX,2,1320000000,660000000,7128,49432250,1,1,0.6,small,42
152,Oriental,2,5,Chiapas,ind,HSF,MEX,0,0,0,7128,0,1,1,0.6,small,42
153,Oriental,2,5,Chiapas,ind,HSL,MEX,2,151176853,75588426.5,7128,5663073,1,1,0.6,small,42
154,Oriental,2,5,Chiapas,ind,HSLF,MEX,0,0,0,7128,0,1,1,0.6,small,42
155,Oriental,2,5,Chiapas,ind,HT,MEX,0,1296000000,0,7128,0,1,1,0.6,small,42
156,Oriental,2,5,Chiapas,ind,HTF,MEX,0,0,0,7128,0,1,1,0.6,small,42
157,Oriental,2,5,Chiapas,ind,HTL,MEX,0,831917387,0,7128,0,1,1,0.6,small,42
158,Oriental,2,5,Chiapas,ind,HTLF,MEX,0,0,0,7128,0,1,1,0.6,small,42
159,Oriental,2,5,Chiapas,ind,OM,MEX,3840,582950837,151810.1138,7128,11374,1,1,0.6,small,34
160,Oriental,2,5,Chiapas,ind,OMF,MEX,0,0,0,7128,0,1,1,0.6,small,34
161,Norte,5,6,Chihuahua,res,1,MEX,139311,260772.06,1.871869845,4258,0,1,1,0.6,small,0
162,Norte,5,6,Chihuahua,com,2,MEX,98090,127149918,1296.257702,4258,97,1,1,0.6,small,17
163,Norte,5,6,Chihuahua,com,3,MEX,120,1512963.8,12608.03167,4258,945,1,1,0.6,small,18
164,Norte,5,6,Chihuahua,com,5,MEX,2,0,0,4258,0,1,1,0.6,small,15
165,Norte,5,6,Chihuahua,com,6,MEX,1230,23108633,18787.5065,4258,1408,1,1,0.6,small,21
166,Norte,5,6,Chihuahua,com,7,MEX,15,80365.9,5357.726667,4258,401,1,1,0.6,small,22
167,Norte,5,6,Chihuahua,com,9,MEX,148,110398,745.9324324,4258,56,1,1,0.6,small,23
168,Norte,5,6,Chihuahua,res,1A,MEX,148081,27432335,185.2522268,4258,14,1,1,0.6,small,1
169,Norte,5,6,Chihuahua,res,1B,MEX,399239,415714379,1041.266958,4258,78,1,1,0.6,small,2
170,Norte,5,6,Chihuahua,res,1C,MEX,419802,4858.5264,0.011573376,4258,0,1,1,0.6,small,3
171,Norte,5,6,Chihuahua,res,1D,MEX,14209,0,0,4258,0,1,1,0.6,small,4
172,Norte,5,6,Chihuahua,res,1E,MEX,335,82421.43,246.0341194,4258,18,1,1,0.6,small,5
173,Norte,5,6,Chihuahua,res,1F,MEX,0,0,0,4258,0,1,1,0.6,small,6
174,Norte,5,6,Chihuahua,com,5A,MEX,7164,45598899,6365.005444,4258,477,1,1,0.6,small,19
175,Norte,5,6,Chihuahua,com,9CU,MEX,741,18578671,25072.4305,4258,1878,1,1,0.6,small,25
176,Norte,5,6,Chihuahua,com,9M,MEX,494,907076.2,1836.18664,4258,138,1,1,0.6,small,24
177,Norte,5,6,Chihuahua,com,9N,MEX,15052,75287124,5001.80202,4258,375,1,1,0.6,small,26
178,Norte,5,6,Chihuahua,res,DAC,MEX,8758,20839982,2379.536652,4258,178,1,1,0.6,small,11
179,Norte,5,6,Chihuahua,ind,HM,MEX,3940,404909030,102768.7893,4258,7699,1,1,0.6,small,41
180,Norte,5,6,Chihuahua,ind,HMC,MEX,0,0,0,4258,0,1,1,0.6,small,41
181,Norte,5,6,Chihuahua,ind,HMCF,MEX,0,0,0,4258,0,1,1,0.6,small,41
182,Norte,5,6,Chihuahua,ind,HMF,MEX,19,0,0,4258,0,1,1,0.6,small,41
183,Norte,5,6,Chihuahua,ind,HS,MEX,53,86699683,1635843.075,4258,122557,1,1,0.6,small,41
184,Norte,5,6,Chihuahua,ind,HSF,MEX,0,0,0,4258,0,1,1,0.6,small,41
185,Norte,5,6,Chihuahua,ind,HSL,MEX,12,695704315,57975359.58,4258,4343504,1,1,0.6,small,41
186,Norte,5,6,Chihuahua,ind,HSLF,MEX,0,0,0,4258,0,1,1,0.6,small,41
187,Norte,5,6,Chihuahua,ind,HT,MEX,2,0,0,4258,0,1,1,0.6,small,41
188,Norte,5,6,Chihuahua,ind,HTF,MEX,0,0,0,4258,0,1,1,0.6,small,41
189,Norte,5,6,Chihuahua,ind,HTL,MEX,0,0,0,4258,0,1,1,0.6,small,41
190,Norte,5,6,Chihuahua,ind,HTLF,MEX,0,0,0,4258,0,1,1,0.6,small,41
191,Norte,5,6,Chihuahua,ind,OM,MEX,14023,134043980,9558.866148,4258,716,1,1,0.6,small,32
192,Norte,5,6,Chihuahua,ind,OMF,MEX,0,0,0,4258,0,1,1,0.6,small,32
193,Noreste,6,7,CoahuiladeZaragoza,res,1,MEX,256269,357455228,1394.843809,8710,105,1,1,0.6,small,0
194,Noreste,6,7,CoahuiladeZaragoza,com,2,MEX,76140,378817555,4975.27653,8710,373,1,1,0.6,small,17
195,Noreste,6,7,CoahuiladeZaragoza,com,3,MEX,59,10166867,172319.7797,8710,12910,1,1,0.6,small,18
196,Noreste,6,7,CoahuiladeZaragoza,com,5,MEX,0,0,0,8710,0,1,1,0.6,small,15
197,Noreste,6,7,CoahuiladeZaragoza,com,6,MEX,537,33941185,63205.18622,8710,4735,1,1,0.6,small,21
198,Noreste,6,7,CoahuiladeZaragoza,com,7,MEX,22,629419.43,28609.97409,8710,2143,1,1,0.6,small,22
199,Noreste,6,7,CoahuiladeZaragoza,com,9,MEX,183,350441.24,1914.979454,8710,143,1,1,0.6,small,23
200,Noreste,6,7,CoahuiladeZaragoza,res,1A,MEX,45970,319881521,6958.484251,8710,521,1,1,0.6,small,1
201,Noreste,6,7,CoahuiladeZaragoza,res,1B,MEX,2066,561424148,271744.5053,8710,20359,1,1,0.6,small,2
202,Noreste,6,7,CoahuiladeZaragoza,res,1C,MEX,285364,409595399,1435.343628,8710,108,1,1,0.6,small,3
203,Noreste,6,7,CoahuiladeZaragoza,res,1D,MEX,105780,23450559,221.6918037,8710,17,1,1,0.6,small,4
204,Noreste,6,7,CoahuiladeZaragoza,res,1E,MEX,188465,0,0,8710,0,1,1,0.6,small,5
205,Noreste,6,7,CoahuiladeZaragoza,res,1F,MEX,0,0,0,8710,0,1,1,0.6,small,6
206,Noreste,6,7,CoahuiladeZaragoza,com,5A,MEX,5637,163661224,29033.39081,8710,2175,1,1,0.6,small,19
207,Noreste,6,7,CoahuiladeZaragoza,com,9CU,MEX,1517,47617096,31388.98879,8710,2352,1,1,0.6,small,25
208,Noreste,6,7,CoahuiladeZaragoza,com,9M,MEX,418,1059465.8,2534.607177,8710,190,1,1,0.6,small,24
209,Noreste,6,7,CoahuiladeZaragoza,com,9N,MEX,2735,71574837,26169.95868,8710,1961,1,1,0.6,small,26
210,Noreste,6,7,CoahuiladeZaragoza,res,DAC,MEX,8824,35091561,3976.831482,8710,298,1,1,0.6,small,10
211,Noreste,6,7,CoahuiladeZaragoza,ind,HM,MEX,4181,630818014,150877.3054,8710,11304,1,1,0.6,small,40
212,Noreste,6,7,CoahuiladeZaragoza,ind,HMC,MEX,0,0,0,8710,0,1,1,0.6,small,40
213,Noreste,6,7,CoahuiladeZaragoza,ind,HMCF,MEX,0,0,0,8710,0,1,1,0.6,small,40
214,Noreste,6,7,CoahuiladeZaragoza,ind,HMF,MEX,0,0,0,8710,0,1,1,0.6,small,40
215,Noreste,6,7,CoahuiladeZaragoza,ind,HS,MEX,41,0,0,8710,0,1,1,0.6,small,40
216,Noreste,6,7,CoahuiladeZaragoza,ind,HSF,MEX,0,0,0,8710,0,1,1,0.6,small,40
217,Noreste,6,7,CoahuiladeZaragoza,ind,HSL,MEX,16,27209189,1700574.313,8710,127407,1,1,0.6,small,40
218,Noreste,6,7,CoahuiladeZaragoza,ind,HSLF,MEX,0,0,0,8710,0,1,1,0.6,small,40
219,Noreste,6,7,CoahuiladeZaragoza,ind,HT,MEX,7,0,0,8710,0,1,1,0.6,small,40
220,Noreste,6,7,CoahuiladeZaragoza,ind,HTF,MEX,0,0,0,8710,0,1,1,0.6,small,40
221,Noreste,6,7,CoahuiladeZaragoza,ind,HTL,MEX,1,0,0,8710,0,1,1,0.6,small,40
222,Noreste,6,7,CoahuiladeZaragoza,ind,HTLF,MEX,0,0,0,8710,0,1,1,0.6,small,40
223,Noreste,6,7,CoahuiladeZaragoza,ind,OM,MEX,11540,232527779,20149.72088,8710,1510,1,1,0.6,small,31
224,Noreste,6,7,CoahuiladeZaragoza,ind,OMF,MEX,0,0,0,8710,0,1,1,0.6,small,31
225,Occidental,3,8,Colima,res,1,MEX,248,135257437,545392.8911,9351,40861,1,1,0.6,small,0
226,Occidental,3,8,Colima,com,2,MEX,31856,328320928,10306.40784,9351,772,1,1,0.6,small,17
227,Occidental,3,8,Colima,com,3,MEX,29,3965598.7,136744.7828,9351,10245,1,1,0.6,small,18
228,Occidental,3,8,Colima,com,5,MEX,0,0,0,9351,0,1,1,0.6,small,15
229,Occidental,3,8,Colima,com,6,MEX,312,41252426,132219.3141,9351,9906,1,1,0.6,small,21
230,Occidental,3,8,Colima,com,7,MEX,272,6273.372,23.06386765,9351,2,1,1,0.6,small,22
231,Occidental,3,8,Colima,com,9,MEX,21,53897.609,2566.55281,9351,192,1,1,0.6,small,23
232,Occidental,3,8,Colima,res,1A,MEX,19869,210711687,10605.04741,9351,795,1,1,0.6,small,1
233,Occidental,3,8,Colima,res,1B,MEX,236885,635722336,2683.674931,9351,201,1,1,0.6,small,2
234,Occidental,3,8,Colima,res,1C,MEX,857,933438538,1089193.16,9351,81602,1,1,0.6,small,3
235,Occidental,3,8,Colima,res,1D,MEX,2,30581514,15290757,9351,1145581,1,1,0.6,small,4
236,Occidental,3,8,Colima,res,1E,MEX,67,1323134.2,19748.27164,9351,1480,1,1,0.6,small,5
237,Occidental,3,8,Colima,res,1F,MEX,0,0,0,9351,0,1,1,0.6,small,6
238,Occidental,3,8,Colima,com,5A,MEX,1801,157131498,87246.80622,9351,6537,1,1,0.6,small,19
239,Occidental,3,8,Colima,com,9CU,MEX,464,34347299,74024.35129,9351,5546,1,1,0.6,small,25
240,Occidental,3,8,Colima,com,9M,MEX,90,3216451.3,35738.34778,9351,2678,1,1,0.6,small,24
241,Occidental,3,8,Colima,com,9N,MEX,865,719242861,831494.637,9351,62295,1,1,0.6,small,26
242,Occidental,3,8,Colima,res,DAC,MEX,2723,46146751,16947.02571,9351,1270,1,1,0.6,small,9
243,Occidental,3,8,Colima,ind,HM,MEX,636,3822000000,6009433.962,9351,450255,1,1,0.6,small,42
244,Occidental,3,8,Colima,ind,HMC,MEX,0,0,0,9351,0,1,1,0.6,small,42
245,Occidental,3,8,Colima,ind,HMCF,MEX,0,0,0,9351,0,1,1,0.6,small,42
246,Occidental,3,8,Colima,ind,HMF,MEX,0,71538718,0,9351,0,1,1,0.6,small,42
247,Occidental,3,8,Colima,ind,HS,MEX,4,1519000000,379750000,9351,28456479,1,1,0.6,small,42
248,Occidental,3,8,Colima,ind,HSF,MEX,0,0,0,9351,0,1,1,0.6,small,42
249,Occidental,3,8,Colima,ind,HSL,MEX,4,629877929,157469482.3,9351,11797588,1,1,0.6,small,42
250,Occidental,3,8,Colima,ind,HSLF,MEX,0,0,0,9351,0,1,1,0.6,small,42
251,Occidental,3,8,Colima,ind,HT,MEX,0,0,0,9351,0,1,1,0.6,small,42
252,Occidental,3,8,Colima,ind,HTF,MEX,0,0,0,9351,0,1,1,0.6,small,42
253,Occidental,3,8,Colima,ind,HTL,MEX,0,0,0,9351,0,1,1,0.6,small,42
254,Occidental,3,8,Colima,ind,HTLF,MEX,0,0,0,9351,0,1,1,0.6,small,42
255,Occidental,3,8,Colima,ind,OM,MEX,2139,707435187,330731.7377,9351,24778,1,1,0.6,small,34
256,Occidental,3,8,Colima,ind,OMF,MEX,0,0,0,9351,0,1,1,0.6,small,34
257,Central,1,9,DistritoFederal,res,1,MEX,2618042,3404000000,1300.208324,8567,97,1,1,0.6,small,0
258,Central,1,9,DistritoFederal,com,2,MEX,389395,1741000000,4471.038406,8567,335,1,1,0.6,small,17
259,Central,1,9,DistritoFederal,com,3,MEX,10455,970832587,92858.21014,8567,6957,1,1,0.6,small,18
260,Central,1,9,DistritoFederal,com,5,MEX,362,668996114,1848055.564,8567,138456,1,1,0.6,small,15
261,Central,1,9,DistritoFederal,com,6,MEX,874,406447821,465043.2735,8567,34841,1,1,0.6,small,21
262,Central,1,9,DistritoFederal,com,7,MEX,10,67792.46,6779.246,8567,508,1,1,0.6,small,22
263,Central,1,9,DistritoFederal,com,9,MEX,1,509344.42,509344.42,8567,38160,1,1,0.6,small,23
264,Central,1,9,DistritoFederal,res,1A,MEX,0,0,0,8567,0,1,1,0.6,small,1
265,Central,1,9,DistritoFederal,res,1B,MEX,0,0,0,8567,0,1,1,0.6,small,2
266,Central,1,9,DistritoFederal,res,1C,MEX,0,0,0,8567,0,1,1,0.6,small,3
267,Central,1,9,DistritoFederal,res,1D,MEX,0,0,0,8567,0,1,1,0.6,small,4
268,Central,1,9,DistritoFederal,res,1E,MEX,0,0,0,8567,0,1,1,0.6,small,5
269,Central,1,9,DistritoFederal,res,1F,MEX,0,0,0,8567,0,1,1,0.6,small,6
270,Central,1,9,DistritoFederal,com,5A,MEX,0,0,0,8567,0,1,1,0.6,small,19
271,Central,1,9,DistritoFederal,com,9CU,MEX,0,0,0,8567,0,1,1,0.6,small,25
272,Central,1,9,DistritoFederal,com,9M,MEX,1,80085.6,80085.6,8567,6000,1,1,0.6,small,24
273,Central,1,9,DistritoFederal,com,9N,MEX,0,0,0,8567,0,1,1,0.6,small,26
274,Central,1,9,DistritoFederal,res,DAC,MEX,88443,448245443,5068.184514,8567,380,1,1,0.6,small,7
275,Central,1,9,DistritoFederal,ind,HM,MEX,6207,6379000000,1027710.649,8567,76994,1,1,0.6,small,38
276,Central,1,9,DistritoFederal,ind,HMC,MEX,0,0,0,8567,0,1,1,0.6,small,38
277,Central,1,9,DistritoFederal,ind,HMCF,MEX,0,0,0,8567,0,1,1,0.6,small,38
278,Central,1,9,DistritoFederal,ind,HMF,MEX,0,0,0,8567,0,1,1,0.6,small,38
279,Central,1,9,DistritoFederal,ind,HS,MEX,9,434716476,48301830.67,8567,3618765,1,1,0.6,small,38
280,Central,1,9,DistritoFederal,ind,HSF,MEX,0,0,0,8567,0,1,1,0.6,small,38
281,Central,1,9,DistritoFederal,ind,HSL,MEX,2,47537971,23768985.5,8567,1780769,1,1,0.6,small,38
282,Central,1,9,DistritoFederal,ind,HSLF,MEX,0,0,0,8567,0,1,1,0.6,small,38
283,Central,1,9,DistritoFederal,ind,HT,MEX,3,372710894,124236964.7,8567,9307813,1,1,0.6,small,38
284,Central,1,9,DistritoFederal,ind,HTF,MEX,0,0,0,8567,0,1,1,0.6,small,38
285,Central,1,9,DistritoFederal,ind,HTL,MEX,0,0,0,8567,0,1,1,0.6,small,38
286,Central,1,9,DistritoFederal,ind,HTLF,MEX,0,0,0,8567,0,1,1,0.6,small,38
287,Central,1,9,DistritoFederal,ind,OM,MEX,6734,768814446,114169.0594,8567,8554,1,1,0.6,small,29
288,Central,1,9,DistritoFederal,ind,OMF,MEX,0,0,0,8567,0,1,1,0.6,small,29
289,Norte,5,10,Durango,res,1,MEX,295422,371028216,1255.926153,4258,94,1,1,0.6,small,0
290,Norte,5,10,Durango,com,2,MEX,46601,155723219,3341.62827,4258,250,1,1,0.6,small,17
291,Norte,5,10,Durango,com,3,MEX,10,534464.6,53446.46,4258,4004,1,1,0.6,small,18
292,Norte,5,10,Durango,com,5,MEX,0,0,0,4258,0,1,1,0.6,small,15
293,Norte,5,10,Durango,com,6,MEX,916,42664095,46576.52293,4258,3490,1,1,0.6,small,21
294,Norte,5,10,Durango,com,7,MEX,9,19100.416,2122.268444,4258,159,1,1,0.6,small,22
295,Norte,5,10,Durango,com,9,MEX,119,47557.499,399.6428487,4258,30,1,1,0.6,small,23
296,Norte,5,10,Durango,res,1A,MEX,20014,20227287,1010.65689,4258,76,1,1,0.6,small,1
297,Norte,5,10,Durango,res,1B,MEX,29961,30065549,1003.489503,4258,75,1,1,0.6,small,2
298,Norte,5,10,Durango,res,1C,MEX,129834,178141608,1372.072092,4258,103,1,1,0.6,small,3
299,Norte,5,10,Durango,res,1D,MEX,2809,9115569.9,3245.129904,4258,243,1,1,0.6,small,4
300,Norte,5,10,Durango,res,1E,MEX,0,0,0,4258,0,1,1,0.6,small,5
301,Norte,5,10,Durango,res,1F,MEX,14,3163.3812,225.9558,4258,17,1,1,0.6,small,6
302,Norte,5,10,Durango,com,5A,MEX,5101,107822687,21137.55871,4258,1584,1,1,0.6,small,19
303,Norte,5,10,Durango,com,9CU,MEX,738,10146005,13747.97425,4258,1030,1,1,0.6,small,25
304,Norte,5,10,Durango,com,9M,MEX,137,167232.08,1220.672117,4258,91,1,1,0.6,small,24
305,Norte,5,10,Durango,com,9N,MEX,3132,450331833,143784.1102,4258,10772,1,1,0.6,small,26
306,Norte,5,10,Durango,res,DAC,MEX,3315,19307170,5824.184012,4258,436,1,1,0.6,small,11
307,Norte,5,10,Durango,ind,HM,MEX,1171,1140000000,973526.9001,4258,72930,1,1,0.6,small,40
308,Norte,5,10,Durango,ind,HMC,MEX,0,0,0,4258,0,1,1,0.6,small,41
309,Norte,5,10,Durango,ind,HMCF,MEX,0,0,0,4258,0,1,1,0.6,small,41
310,Norte,5,10,Durango,ind,HMF,MEX,0,0,0,4258,0,1,1,0.6,small,41
311,Norte,5,10,Durango,ind,HS,MEX,12,347458850,28954904.17,4258,2169297,1,1,0.6,small,41
312,Norte,5,10,Durango,ind,HSF,MEX,0,0,0,4258,0,1,1,0.6,small,41
313,Norte,5,10,Durango,ind,HSL,MEX,6,136085309,22680884.83,4258,1699248,1,1,0.6,small,41
314,Norte,5,10,Durango,ind,HSLF,MEX,0,0,0,4258,0,1,1,0.6,small,41
315,Norte,5,10,Durango,ind,HT,MEX,1,0,0,4258,0,1,1,0.6,small,41
316,Norte,5,10,Durango,ind,HTF,MEX,0,0,0,4258,0,1,1,0.6,small,41
317,Norte,5,10,Durango,ind,HTL,MEX,0,0,0,4258,0,1,1,0.6,small,41
318,Norte,5,10,Durango,ind,HTLF,MEX,0,0,0,4258,0,1,1,0.6,small,41
319,Norte,5,10,Durango,ind,OM,MEX,4369,216432976,49538.3328,4258,3711,1,1,0.6,small,32
320,Norte,5,10,Durango,ind,OMF,MEX,0,0,0,4258,0,1,1,0.6,small,32
321,Occidental,3,11,Guanajuato,res,1,MEX,1661513,1994000000,1200.110983,9351,90,1,1,0.6,small,0
322,Occidental,3,11,Guanajuato,com,2,MEX,201407,626993846,3113.068791,9351,233,1,1,0.6,small,17
323,Occidental,3,11,Guanajuato,com,3,MEX,49,3330386.4,67967.06939,9351,5092,1,1,0.6,small,18
324,Occidental,3,11,Guanajuato,com,5,MEX,6,0,0,9351,0,1,1,0.6,small,15
325,Occidental,3,11,Guanajuato,com,6,MEX,2549,193364105,75858.80934,9351,5683,1,1,0.6,small,21
326,Occidental,3,11,Guanajuato,com,7,MEX,206,435986.01,2116.436942,9351,159,1,1,0.6,small,22
327,Occidental,3,11,Guanajuato,com,9,MEX,293,617139.63,2106.278601,9351,158,1,1,0.6,small,23
328,Occidental,3,11,Guanajuato,res,1A,MEX,40586,53124129,1308.927438,9351,98,1,1,0.6,small,1
329,Occidental,3,11,Guanajuato,res,1B,MEX,5,8822.7636,1764.55272,9351,132,1,1,0.6,small,2
330,Occidental,3,11,Guanajuato,res,1C,MEX,1,0,0,9351,0,1,1,0.6,small,3
331,Occidental,3,11,Guanajuato,res,1D,MEX,1,0,0,9351,0,1,1,0.6,small,4
332,Occidental,3,11,Guanajuato,res,1E,MEX,0,0,0,9351,0,1,1,0.6,small,5
333,Occidental,3,11,Guanajuato,res,1F,MEX,0,0,0,9351,0,1,1,0.6,small,6
334,Occidental,3,11,Guanajuato,com,5A,MEX,22882,326823621,14283.00066,9351,1070,1,1,0.6,small,19
335,Occidental,3,11,Guanajuato,com,9CU,MEX,325,4446646.2,13681.98831,9351,1025,1,1,0.6,small,25
336,Occidental,3,11,Guanajuato,com,9M,MEX,1628,32255530,19812.97912,9351,1484,1,1,0.6,small,24
337,Occidental,3,11,Guanajuato,com,9N,MEX,12819,2130000000,166159.6068,9351,12446,1,1,0.6,small,26
338,Occidental,3,11,Guanajuato,res,DAC,MEX,21445,117850779,5495.489811,9351,412,1,1,0.6,small,9
339,Occidental,3,11,Guanajuato,ind,HM,MEX,3576,3895000000,1089205.817,9351,81611,1,1,0.6,small,42
340,Occidental,3,11,Guanajuato,ind,HMC,MEX,0,0,0,9351,0,1,1,0.6,small,42
341,Occidental,3,11,Guanajuato,ind,HMCF,MEX,0,0,0,9351,0,1,1,0.6,small,42
342,Occidental,3,11,Guanajuato,ind,HMF,MEX,2,26616609,13308304.5,9351,997056,1,1,0.6,small,42
343,Occidental,3,11,Guanajuato,ind,HS,MEX,27,834746824,30916549.04,9351,2316263,1,1,0.6,small,42
344,Occidental,3,11,Guanajuato,ind,HSF,MEX,0,0,0,9351,0,1,1,0.6,small,42
345,Occidental,3,11,Guanajuato,ind,HSL,MEX,19,808144457,42533918.79,9351,3186634,1,1,0.6,small,42
346,Occidental,3,11,Guanajuato,ind,HSLF,MEX,1,58680014,58680014,9351,4396297,1,1,0.6,small,42
347,Occidental,3,11,Guanajuato,ind,HT,MEX,3,1485000000,495000000,9351,37094415,1,1,0.6,small,42
348,Occidental,3,11,Guanajuato,ind,HTF,MEX,0,0,0,9351,0,1,1,0.6,small,42
349,Occidental,3,11,Guanajuato,ind,HTL,MEX,1,0,0,9351,0,1,1,0.6,small,42
350,Occidental,3,11,Guanajuato,ind,HTLF,MEX,0,0,0,9351,0,1,1,0.6,small,42
351,Occidental,3,11,Guanajuato,ind,OM,MEX,12969,782043853,60301.01419,9351,4518,1,1,0.6,small,34
352,Occidental,3,11,Guanajuato,ind,OMF,MEX,0,0,0,9351,0,1,1,0.6,small,34
353,Oriental,2,12,Guerrero,res,1,MEX,140318,145137478,1034.346826,7128,77,1,1,0.6,small,0
354,Oriental,2,12,Guerrero,com,2,MEX,96261,331078008,3439.37844,7128,258,1,1,0.6,small,17
355,Oriental,2,12,Guerrero,com,3,MEX,203,14432573,71096.41872,7128,5327,1,1,0.6,small,18
356,Oriental,2,12,Guerrero,com,5,MEX,0,0,0,7128,0,1,1,0.6,small,15
357,Oriental,2,12,Guerrero,com,6,MEX,926,47048208,50808,7128,3807,1,1,0.6,small,21
358,Oriental,2,12,Guerrero,com,7,MEX,48,939324,19569.25,7128,1466,1,1,0.6,small,22
359,Oriental,2,12,Guerrero,com,9,MEX,208,245155.37,1178.631587,7128,88,1,1,0.6,small,23
360,Oriental,2,12,Guerrero,res,1A,MEX,122930,124948045,1016.416212,7128,76,1,1,0.6,small,1
361,Oriental,2,12,Guerrero,res,1B,MEX,582882,846583556,1452.409846,7128,109,1,1,0.6,small,2
362,Oriental,2,12,Guerrero,res,1C,MEX,109390,138154120,1262.950178,7128,95,1,1,0.6,small,3
363,Oriental,2,12,Guerrero,res,1D,MEX,18983,26154128,1377.76579,7128,103,1,1,0.6,small,4
364,Oriental,2,12,Guerrero,res,1E,MEX,31237,41653308,1333.460576,7128,100,1,1,0.6,small,5
365,Oriental,2,12,Guerrero,res,1F,MEX,27993,53066307,1895.699175,7128,142,1,1,0.6,small,6
366,Oriental,2,12,Guerrero,com,5A,MEX,4458,135859788,30475.50202,7128,2283,1,1,0.6,small,19
367,Oriental,2,12,Guerrero,com,9CU,MEX,723,8642664.4,11953.89267,7128,896,1,1,0.6,small,25
368,Oriental,2,12,Guerrero,com,9M,MEX,81,753885.8,9307.232099,7128,697,1,1,0.6,small,24
369,Oriental,2,12,Guerrero,com,9N,MEX,17,363548.58,21385.21059,7128,1602,1,1,0.6,small,26
370,Oriental,2,12,Guerrero,res,DAC,MEX,10844,103924093,9583.557082,7128,718,1,1,0.6,small,9
371,Oriental,2,12,Guerrero,ind,HM,MEX,1146,787168784,686883.7557,7128,51461,1,1,0.6,small,42
372,Oriental,2,12,Guerrero,ind,HMC,MEX,0,0,0,7128,0,1,1,0.6,small,42
373,Oriental,2,12,Guerrero,ind,HMCF,MEX,0,0,0,7128,0,1,1,0.6,small,42
374,Oriental,2,12,Guerrero,ind,HMF,MEX,0,0,0,7128,0,1,1,0.6,small,42
375,Oriental,2,12,Guerrero,ind,HS,MEX,6,184409080,30734846.67,7128,2302650,1,1,0.6,small,42
376,Oriental,2,12,Guerrero,ind,HSF,MEX,0,0,0,7128,0,1,1,0.6,small,42
377,Oriental,2,12,Guerrero,ind,HSL,MEX,0,0,0,7128,0,1,1,0.6,small,42
378,Oriental,2,12,Guerrero,ind,HSLF,MEX,0,0,0,7128,0,1,1,0.6,small,42
379,Oriental,2,12,Guerrero,ind,HT,MEX,0,0,0,7128,0,1,1,0.6,small,42
380,Oriental,2,12,Guerrero,ind,HTF,MEX,0,0,0,7128,0,1,1,0.6,small,42
381,Oriental,2,12,Guerrero,ind,HTL,MEX,0,0,0,7128,0,1,1,0.6,small,42
382,Oriental,2,12,Guerrero,ind,HTLF,MEX,0,0,0,7128,0,1,1,0.6,small,42
383,Oriental,2,12,Guerrero,ind,OM,MEX,3391,258139367,76124.85019,7128,5703,1,1,0.6,small,34
384,Oriental,2,12,Guerrero,ind,OMF,MEX,0,0,0,7128,0,1,1,0.6,small,34
385,Central,1,13,Hidalgo,res,1,MEX,756623,714936458,944.9044742,8567,71,1,1,0.6,small,0
386,Central,1,13,Hidalgo,com,2,MEX,104469,259062541,2479.803013,8567,186,1,1,0.6,small,17
387,Central,1,13,Hidalgo,com,3,MEX,374,20723911,55411.52674,8567,4151,1,1,0.6,small,18
388,Central,1,13,Hidalgo,com,5,MEX,0,0,0,8567,0,1,1,0.6,small,15
389,Central,1,13,Hidalgo,com,6,MEX,1207,166788379,138184.2411,8567,10353,1,1,0.6,small,21
390,Central,1,13,Hidalgo,com,7,MEX,43,790431.52,18382.12837,8567,1377,1,1,0.6,small,22
391,Central,1,13,Hidalgo,com,9,MEX,44,761747.53,17312.44386,8567,1297,1,1,0.6,small,23
392,Central,1,13,Hidalgo,res,1A,MEX,13077,5397569.2,412.7528638,8567,31,1,1,0.6,small,1
393,Central,1,13,Hidalgo,res,1B,MEX,77140,70107161,908.8301919,8567,68,1,1,0.6,small,2
394,Central,1,13,Hidalgo,res,1C,MEX,0,0,0,8567,0,1,1,0.6,small,3
395,Central,1,13,Hidalgo,res,1D,MEX,0,0,0,8567,0,1,1,0.6,small,4
396,Central,1,13,Hidalgo,res,1E,MEX,0,0,0,8567,0,1,1,0.6,small,5
397,Central,1,13,Hidalgo,res,1F,MEX,0,0,0,8567,0,1,1,0.6,small,6
398,Central,1,13,Hidalgo,com,5A,MEX,2502,154728890,61842.08233,8567,4633,1,1,0.6,small,19
399,Central,1,13,Hidalgo,com,9CU,MEX,278,19526244,70238.28777,8567,5262,1,1,0.6,small,25
400,Central,1,13,Hidalgo,com,9M,MEX,77,388735.5,5048.512987,8567,378,1,1,0.6,small,24
401,Central,1,13,Hidalgo,com,9N,MEX,222,46952078,211495.8468,8567,15845,1,1,0.6,small,26
402,Central,1,13,Hidalgo,res,DAC,MEX,6499,36058194,5548.268041,8567,416,1,1,0.6,small,7
403,Central,1,13,Hidalgo,ind,HM,MEX,869,1376000000,1583429.229,8567,118620,1,1,0.6,small,38
404,Central,1,13,Hidalgo,ind,HMC,MEX,0,0,0,8567,0,1,1,0.6,small,38
405,Central,1,13,Hidalgo,ind,HMCF,MEX,0,0,0,8567,0,1,1,0.6,small,38
406,Central,1,13,Hidalgo,ind,HMF,MEX,1,162520.38,162520.38,8567,12176,1,1,0.6,small,38
407,Central,1,13,Hidalgo,ind,HS,MEX,3,223625.69,74541.89667,8567,5585,1,1,0.6,small,38
408,Central,1,13,Hidalgo,ind,HSF,MEX,0,0,0,8567,0,1,1,0.6,small,38
409,Central,1,13,Hidalgo,ind,HSL,MEX,0,0,0,8567,0,1,1,0.6,small,38
410,Central,1,13,Hidalgo,ind,HSLF,MEX,0,0,0,8567,0,1,1,0.6,small,38
411,Central,1,13,Hidalgo,ind,HT,MEX,7,677490033,96784290.43,8567,7251063,1,1,0.6,small,38
412,Central,1,13,Hidalgo,ind,HTF,MEX,0,0,0,8567,0,1,1,0.6,small,38
413,Central,1,13,Hidalgo,ind,HTL,MEX,3,454034391,151344797,8567,11338727,1,1,0.6,small,38
414,Central,1,13,Hidalgo,ind,HTLF,MEX,0,0,0,8567,0,1,1,0.6,small,38
415,Central,1,13,Hidalgo,ind,OM,MEX,2482,173112352,69747.12006,8567,5225,1,1,0.6,small,29
416,Central,1,13,Hidalgo,ind,OMF,MEX,0,0,0,8567,0,1,1,0.6,small,29
417,Occidental,3,14,Jalisco,res,1,MEX,2151340,2585000000,1201.576692,9351,90,1,1,0.6,small,0
418,Occidental,3,14,Jalisco,com,2,MEX,350016,1177000000,3362.703419,9351,252,1,1,0.6,small,17
419,Occidental,3,14,Jalisco,com,3,MEX,459,24977164,54416.4793,9351,4077,1,1,0.6,small,18
420,Occidental,3,14,Jalisco,com,5,MEX,6173,154947643,25100.86554,9351,1881,1,1,0.6,small,15
421,Occidental,3,14,Jalisco,com,6,MEX,2681,267609583,99817.07684,9351,7478,1,1,0.6,small,21
422,Occidental,3,14,Jalisco,com,7,MEX,827,756488.58,914.7383071,9351,69,1,1,0.6,small,22
423,Occidental,3,14,Jalisco,com,9,MEX,529,576269.28,1089.355917,9351,82,1,1,0.6,small,23
424,Occidental,3,14,Jalisco,res,1A,MEX,115550,136671215,1182.788533,9351,89,1,1,0.6,small,1
425,Occidental,3,14,Jalisco,res,1B,MEX,144207,217633018,1509.17097,9351,113,1,1,0.6,small,2
426,Occidental,3,14,Jalisco,res,1C,MEX,4916,11849772,2410.449959,9351,181,1,1,0.6,small,3
427,Occidental,3,14,Jalisco,res,1D,MEX,3,0,0,9351,0,1,1,0.6,small,4
428,Occidental,3,14,Jalisco,res,1E,MEX,1,0,0,9351,0,1,1,0.6,small,5
429,Occidental,3,14,Jalisco,res,1F,MEX,0,0,0,9351,0,1,1,0.6,small,6
430,Occidental,3,14,Jalisco,com,5A,MEX,6997,151588960,21664.85065,9351,1623,1,1,0.6,small,19
431,Occidental,3,14,Jalisco,com,9CU,MEX,5016,227798831,45414.43999,9351,3402,1,1,0.6,small,25
432,Occidental,3,14,Jalisco,com,9M,MEX,1245,37063722,29770.05783,9351,2230,1,1,0.6,small,24
433,Occidental,3,14,Jalisco,com,9N,MEX,4611,650930805,141169.1184,9351,10576,1,1,0.6,small,26
434,Occidental,3,14,Jalisco,res,DAC,MEX,40854,194153108,4752.364713,9351,356,1,1,0.6,small,9
435,Occidental,3,14,Jalisco,ind,HM,MEX,5778,4863000000,841640.7061,9351,63058,1,1,0.6,small,42
436,Occidental,3,14,Jalisco,ind,HMC,MEX,0,0,0,9351,0,1,1,0.6,small,42
437,Occidental,3,14,Jalisco,ind,HMCF,MEX,0,0,0,9351,0,1,1,0.6,small,42
438,Occidental,3,14,Jalisco,ind,HMF,MEX,0,0,0,9351,0,1,1,0.6,small,42
439,Occidental,3,14,Jalisco,ind,HS,MEX,50,1025000000,20500000,9351,1535124,1,1,0.6,small,42
440,Occidental,3,14,Jalisco,ind,HSF,MEX,0,0,0,9351,0,1,1,0.6,small,42
441,Occidental,3,14,Jalisco,ind,HSL,MEX,22,1023000000,46500000,9351,3485447,1,1,0.6,small,42
442,Occidental,3,14,Jalisco,ind,HSLF,MEX,0,0,0,9351,0,1,1,0.6,small,42
443,Occidental,3,14,Jalisco,ind,HT,MEX,1,225962415,225962415,9351,16929067,1,1,0.6,small,42
444,Occidental,3,14,Jalisco,ind,HTF,MEX,0,0,0,9351,0,1,1,0.6,small,42
445,Occidental,3,14,Jalisco,ind,HTL,MEX,1,141217.61,141217.61,9351,10580,1,1,0.6,small,42
446,Occidental,3,14,Jalisco,ind,HTLF,MEX,0,0,0,9351,0,1,1,0.6,small,42
447,Occidental,3,14,Jalisco,ind,OM,MEX,18609,1156000000,62120.47934,9351,4655,1,1,0.6,small,34
448,Occidental,3,14,Jalisco,ind,OMF,MEX,0,0,0,9351,0,1,1,0.6,small,34
449,Central,1,15,Mexico,res,1,MEX,4179746,4288000000,1025.89966,8567,77,1,1,0.6,small,0
450,Central,1,15,Mexico,com,2,MEX,422454,1274000000,3015.712953,8567,226,1,1,0.6,small,17
451,Central,1,15,Mexico,com,3,MEX,3870,279045019,72104.65607,8567,5402,1,1,0.6,small,18
452,Central,1,15,Mexico,com,5,MEX,555,273573451,492925.1369,8567,36930,1,1,0.6,small,15
453,Central,1,15,Mexico,com,6,MEX,3214,891943666,277518.2533,8567,20792,1,1,0.6,small,21
454,Central,1,15,Mexico,com,7,MEX,100,1317715.1,13177.151,8567,987,1,1,0.6,small,22
455,Central,1,15,Mexico,com,9,MEX,343,6804206.1,19837.33557,8567,1486,1,1,0.6,small,23
456,Central,1,15,Mexico,res,1A,MEX,64,5552.6016,86.7594,8567,7,1,1,0.6,small,1
457,Central,1,15,Mexico,res,1B,MEX,3,266.952,88.984,8567,7,1,1,0.6,small,2
458,Central,1,15,Mexico,res,1C,MEX,2133,5384702.1,2524.473558,8567,189,1,1,0.6,small,3
459,Central,1,15,Mexico,res,1D,MEX,2,0,0,8567,0,1,1,0.6,small,4
460,Central,1,15,Mexico,res,1E,MEX,5,6700.4952,1340.09904,8567,100,1,1,0.6,small,5
461,Central,1,15,Mexico,res,1F,MEX,1,0,0,8567,0,1,1,0.6,small,6
462,Central,1,15,Mexico,com,5A,MEX,3420,277971819,81278.30965,8567,6089,1,1,0.6,small,19
463,Central,1,15,Mexico,com,9CU,MEX,991,37091085,37427.93643,8567,2804,1,1,0.6,small,25
464,Central,1,15,Mexico,com,9M,MEX,134,2036683.6,15199.13134,8567,1139,1,1,0.6,small,24
465,Central,1,15,Mexico,com,9N,MEX,38,5353468.8,140880.7579,8567,10555,1,1,0.6,small,26
466,Central,1,15,Mexico,res,DAC,MEX,65459,288688393,4410.216976,8567,330,1,1,0.6,small,7
467,Central,1,15,Mexico,ind,HM,MEX,5125,7682000000,1498926.829,8567,112296,1,1,0.6,small,38
468,Central,1,15,Mexico,ind,HMC,MEX,0,0,0,8567,0,1,1,0.6,small,38
469,Central,1,15,Mexico,ind,HMCF,MEX,0,0,0,8567,0,1,1,0.6,small,38
470,Central,1,15,Mexico,ind,HMF,MEX,2,3749207.4,1874603.7,8567,140445,1,1,0.6,small,38
471,Central,1,15,Mexico,ind,HS,MEX,39,1490000000,38205128.21,8567,2861457,1,1,0.6,small,38
472,Central,1,15,Mexico,ind,HSF,MEX,0,0,0,8567,0,1,1,0.6,small,38
473,Central,1,15,Mexico,ind,HSL,MEX,11,1681000000,152818181.8,8567,11446865,1,1,0.6,small,38
474,Central,1,15,Mexico,ind,HSLF,MEX,0,0,0,8567,0,1,1,0.6,small,38
475,Central,1,15,Mexico,ind,HT,MEX,4,394050210,98512552.5,8567,7380544,1,1,0.6,small,38
476,Central,1,15,Mexico,ind,HTF,MEX,0,0,0,8567,0,1,1,0.6,small,38
477,Central,1,15,Mexico,ind,HTL,MEX,0,0,0,8567,0,1,1,0.6,small,38
478,Central,1,15,Mexico,ind,HTLF,MEX,0,0,0,8567,0,1,1,0.6,small,38
479,Central,1,15,Mexico,ind,OM,MEX,9938,944710053,95060.37965,8567,7122,1,1,0.6,small,29
480,Central,1,15,Mexico,ind,OMF,MEX,0,0,0,8567,0,1,1,0.6,small,29
481,Occidental,3,16,MichoacandeOcampo,res,1,MEX,1249552,1325000000,1060.38004,9351,79,1,1,0.6,small,0
482,Occidental,3,16,MichoacandeOcampo,com,2,MEX,221606,530707263,2394.823529,9351,179,1,1,0.6,small,17
483,Occidental,3,16,MichoacandeOcampo,com,3,MEX,82,3294628.2,40178.39268,9351,3010,1,1,0.6,small,18
484,Occidental,3,16,MichoacandeOcampo,com,5,MEX,0,0,0,9351,0,1,1,0.6,small,15
485,Occidental,3,16,MichoacandeOcampo,com,6,MEX,1991,110700296,55600.34957,9351,4166,1,1,0.6,small,21
486,Occidental,3,16,MichoacandeOcampo,com,7,MEX,393,1354247.5,3445.922392,9351,258,1,1,0.6,small,22
487,Occidental,3,16,MichoacandeOcampo,com,9,MEX,448,724427.64,1617.025982,9351,121,1,1,0.6,small,23
488,Occidental,3,16,MichoacandeOcampo,res,1A,MEX,18626,17318271,929.7901321,9351,70,1,1,0.6,small,1
489,Occidental,3,16,MichoacandeOcampo,res,1B,MEX,87934,151275852,1720.334023,9351,129,1,1,0.6,small,2
490,Occidental,3,16,MichoacandeOcampo,res,1C,MEX,57551,88139849,1531.508558,9351,115,1,1,0.6,small,3
491,Occidental,3,16,MichoacandeOcampo,res,1D,MEX,101412,190929783,1882.71391,9351,141,1,1,0.6,small,4
492,Occidental,3,16,MichoacandeOcampo,res,1E,MEX,2,453.8184,226.9092,9351,17,1,1,0.6,small,5
493,Occidental,3,16,MichoacandeOcampo,res,1F,MEX,2,0,0,9351,0,1,1,0.6,small,6
494,Occidental,3,16,MichoacandeOcampo,com,5A,MEX,10678,211094123,19769.0694,9351,1481,1,1,0.6,small,19
495,Occidental,3,16,MichoacandeOcampo,com,9CU,MEX,3341,94753411,28360.79348,9351,2125,1,1,0.6,small,25
496,Occidental,3,16,MichoacandeOcampo,com,9M,MEX,426,3999888.6,9389.409859,9351,703,1,1,0.6,small,24
497,Occidental,3,16,MichoacandeOcampo,com,9N,MEX,3197,407354270,127417.6634,9351,9546,1,1,0.6,small,26
498,Occidental,3,16,MichoacandeOcampo,res,DAC,MEX,8044,36703698,4562.866484,9351,342,1,1,0.6,small,9
499,Occidental,3,16,MichoacandeOcampo,ind,HM,MEX,1482,1193000000,804993.2524,9351,60335,1,1,0.6,small,42
500,Occidental,3,16,MichoacandeOcampo,ind,HMC,MEX,0,0,0,9351,0,1,1,0.6,small,42
501,Occidental,3,16,MichoacandeOcampo,ind,HMCF,MEX,0,0,0,9351,0,1,1,0.6,small,42
502,Occidental,3,16,MichoacandeOcampo,ind,HMF,MEX,1,0,0,9351,0,1,1,0.6,small,42
503,Occidental,3,16,MichoacandeOcampo,ind,HS,MEX,7,147543036,21077576.57,9351,1579129,1,1,0.6,small,42
504,Occidental,3,16,MichoacandeOcampo,ind,HSF,MEX,0,0,0,9351,0,1,1,0.6,small,42
505,Occidental,3,16,MichoacandeOcampo,ind,HSL,MEX,4,174248300,43562075,9351,3263664,1,1,0.6,small,42
506,Occidental,3,16,MichoacandeOcampo,ind,HSLF,MEX,0,0,0,9351,0,1,1,0.6,small,42
507,Occidental,3,16,MichoacandeOcampo,ind,HT,MEX,1,203863901,203863901,9351,15273450,1,1,0.6,small,42
508,Occidental,3,16,MichoacandeOcampo,ind,HTF,MEX,0,0,0,9351,0,1,1,0.6,small,42
509,Occidental,3,16,MichoacandeOcampo,ind,HTL,MEX,1,2482000000,2482000000,9351,186000000,1,1,0.6,small,42
510,Occidental,3,16,MichoacandeOcampo,ind,HTLF,MEX,0,0,0,9351,0,1,1,0.6,small,42
511,Occidental,3,16,MichoacandeOcampo,ind,OM,MEX,6121,359137453,58673.00327,9351,4396,1,1,0.6,small,34
512,Occidental,3,16,MichoacandeOcampo,ind,OMF,MEX,0,0,0,9351,0,1,1,0.6,small,34
513,Oriental,2,17,Morelos,res,1,MEX,137771,187192162,1358.719629,7128,102,1,1,0.6,small,0
514,Oriental,2,17,Morelos,com,2,MEX,82977,253945351,3060.430613,7128,229,1,1,0.6,small,17
515,Oriental,2,17,Morelos,com,3,MEX,274,21257962,77583.80292,7128,5813,1,1,0.6,small,18
516,Oriental,2,17,Morelos,com,5,MEX,68,17567577,258346.7206,7128,19355,1,1,0.6,small,15
517,Oriental,2,17,Morelos,com,6,MEX,767,109644741,142952.7262,7128,10710,1,1,0.6,small,21
518,Oriental,2,17,Morelos,com,7,MEX,6,4284.5796,714.0966,7128,54,1,1,0.6,small,22
519,Oriental,2,17,Morelos,com,9,MEX,101,287640.78,2847.928515,7128,213,1,1,0.6,small,23
520,Oriental,2,17,Morelos,res,1A,MEX,530283,627188094,1182.742223,7128,89,1,1,0.6,small,1
521,Oriental,2,17,Morelos,res,1B,MEX,7,0,0,7128,0,1,1,0.6,small,2
522,Oriental,2,17,Morelos,res,1C,MEX,2,1174.5888,587.2944,7128,44,1,1,0.6,small,3
523,Oriental,2,17,Morelos,res,1D,MEX,1,0,0,7128,0,1,1,0.6,small,4
524,Oriental,2,17,Morelos,res,1E,MEX,0,0,0,7128,0,1,1,0.6,small,5
525,Oriental,2,17,Morelos,res,1F,MEX,0,0,0,7128,0,1,1,0.6,small,6
526,Oriental,2,17,Morelos,com,5A,MEX,1903,104082823,54694.07409,7128,4098,1,1,0.6,small,19
527,Oriental,2,17,Morelos,com,9CU,MEX,274,16519844,60291.40146,7128,4517,1,1,0.6,small,25
528,Oriental,2,17,Morelos,com,9M,MEX,63,1344690.6,21344.29524,7128,1599,1,1,0.6,small,24
529,Oriental,2,17,Morelos,com,9N,MEX,210,47010781,223860.8619,7128,16772,1,1,0.6,small,26
530,Oriental,2,17,Morelos,res,DAC,MEX,8035,42771690,5323.172371,7128,399,1,1,0.6,small,9
531,Oriental,2,17,Morelos,ind,HM,MEX,639,606959539,949858.4335,7128,71163,1,1,0.6,small,42
532,Oriental,2,17,Morelos,ind,HMC,MEX,0,0,0,7128,0,1,1,0.6,small,42
533,Oriental,2,17,Morelos,ind,HMCF,MEX,0,0,0,7128,0,1,1,0.6,small,42
534,Oriental,2,17,Morelos,ind,HMF,MEX,0,0,0,7128,0,1,1,0.6,small,42
535,Oriental,2,17,Morelos,ind,HS,MEX,4,264208828,66052207,7128,4948621,1,1,0.6,small,42
536,Oriental,2,17,Morelos,ind,HSF,MEX,0,0,0,7128,0,1,1,0.6,small,42
537,Oriental,2,17,Morelos,ind,HSL,MEX,2,200135836,100067918,7128,7497072,1,1,0.6,small,42
538,Oriental,2,17,Morelos,ind,HSLF,MEX,0,0,0,7128,0,1,1,0.6,small,42
539,Oriental,2,17,Morelos,ind,HT,MEX,3,406283085,135427695,7128,10146221,1,1,0.6,small,42
540,Oriental,2,17,Morelos,ind,HTF,MEX,0,0,0,7128,0,1,1,0.6,small,42
541,Oriental,2,17,Morelos,ind,HTL,MEX,0,0,0,7128,0,1,1,0.6,small,42
542,Oriental,2,17,Morelos,ind,HTLF,MEX,0,0,0,7128,0,1,1,0.6,small,42
543,Oriental,2,17,Morelos,ind,OM,MEX,2626,201897840,76884.17365,7128,5760,1,1,0.6,small,34
544,Oriental,2,17,Morelos,ind,OMF,MEX,0,0,0,7128,0,1,1,0.6,small,34
545,Occidental,3,18,Nayarit,res,1,MEX,8237,5847823.8,709.9458298,9351,53,1,1,0.6,small,0
546,Occidental,3,18,Nayarit,com,2,MEX,45312,132679976,2928.142126,9351,219,1,1,0.6,small,17
547,Occidental,3,18,Nayarit,com,3,MEX,41,1519917.9,37071.16829,9351,2777,1,1,0.6,small,18
548,Occidental,3,18,Nayarit,com,5,MEX,1,0,0,9351,0,1,1,0.6,small,15
549,Occidental,3,18,Nayarit,com,6,MEX,501,29744419,59370.0978,9351,4448,1,1,0.6,small,21
550,Occidental,3,18,Nayarit,com,7,MEX,122,41110.608,336.9721967,9351,25,1,1,0.6,small,22
551,Occidental,3,18,Nayarit,com,9,MEX,32,134450.37,4201.574063,9351,315,1,1,0.6,small,23
552,Occidental,3,18,Nayarit,res,1A,MEX,198284,261903043,1320.848092,9351,99,1,1,0.6,small,1
553,Occidental,3,18,Nayarit,res,1B,MEX,198539,339469885,1709.839805,9351,128,1,1,0.6,small,2
554,Occidental,3,18,Nayarit,res,1C,MEX,1,0,0,9351,0,1,1,0.6,small,3
555,Occidental,3,18,Nayarit,res,1D,MEX,0,0,0,9351,0,1,1,0.6,small,4
556,Occidental,3,18,Nayarit,res,1E,MEX,736,1575977.8,2141.274185,9351,160,1,1,0.6,small,5
557,Occidental,3,18,Nayarit,res,1F,MEX,0,0,0,9351,0,1,1,0.6,small,6
558,Occidental,3,18,Nayarit,com,5A,MEX,1486,44740942,30108.30552,9351,2256,1,1,0.6,small,19
559,Occidental,3,18,Nayarit,com,9CU,MEX,331,13520118,40846.27795,9351,3060,1,1,0.6,small,25
560,Occidental,3,18,Nayarit,com,9M,MEX,67,540150.68,8061.950448,9351,604,1,1,0.6,small,24
561,Occidental,3,18,Nayarit,com,9N,MEX,10,8533948.2,853394.82,9351,63936,1,1,0.6,small,26
562,Occidental,3,18,Nayarit,res,DAC,MEX,5350,31286895,5848.017757,9351,438,1,1,0.6,small,9
563,Occidental,3,18,Nayarit,ind,HM,MEX,985,481893368,489231.8457,9351,36653,1,1,0.6,small,42
564,Occidental,3,18,Nayarit,ind,HMC,MEX,0,0,0,9351,0,1,1,0.6,small,42
565,Occidental,3,18,Nayarit,ind,HMCF,MEX,0,0,0,9351,0,1,1,0.6,small,42
566,Occidental,3,18,Nayarit,ind,HMF,MEX,0,0,0,9351,0,1,1,0.6,small,42
567,Occidental,3,18,Nayarit,ind,HS,MEX,5,8721308.5,1744261.7,9351,130680,1,1,0.6,small,42
568,Occidental,3,18,Nayarit,ind,HSF,MEX,0,0,0,9351,0,1,1,0.6,small,42
569,Occidental,3,18,Nayarit,ind,HSL,MEX,1,0,0,9351,0,1,1,0.6,small,42
570,Occidental,3,18,Nayarit,ind,HSLF,MEX,0,0,0,9351,0,1,1,0.6,small,42
571,Occidental,3,18,Nayarit,ind,HT,MEX,0,0,0,9351,0,1,1,0.6,small,42
572,Occidental,3,18,Nayarit,ind,HTF,MEX,0,0,0,9351,0,1,1,0.6,small,42
573,Occidental,3,18,Nayarit,ind,HTL,MEX,0,0,0,9351,0,1,1,0.6,small,42
574,Occidental,3,18,Nayarit,ind,HTLF,MEX,0,0,0,9351,0,1,1,0.6,small,42
575,Occidental,3,18,Nayarit,ind,OM,MEX,2809,160124830,57004.21146,9351,4271,1,1,0.6,small,34
576,Occidental,3,18,Nayarit,ind,OMF,MEX,0,0,0,9351,0,1,1,0.6,small,34
577,Noreste,6,19,NuevoLeon,res,1,MEX,28088,29445500,1048.330248,8710,79,1,1,0.6,small,0
578,Noreste,6,19,NuevoLeon,com,2,MEX,131735,505008288,3833.516438,8710,287,1,1,0.6,small,17
579,Noreste,6,19,NuevoLeon,com,3,MEX,683,16094269,23564.08346,8710,1765,1,1,0.6,small,18
580,Noreste,6,19,NuevoLeon,com,5,MEX,4567,138354241,30294.33786,8710,2270,1,1,0.6,small,15
581,Noreste,6,19,NuevoLeon,com,6,MEX,723,43452378,60100.10788,8710,4503,1,1,0.6,small,21
582,Noreste,6,19,NuevoLeon,com,7,MEX,46,62533.506,1359.424043,8710,102,1,1,0.6,small,22
583,Noreste,6,19,NuevoLeon,com,9,MEX,386,537374.38,1392.161606,8710,104,1,1,0.6,small,23
584,Noreste,6,19,NuevoLeon,res,1A,MEX,2,0,0,8710,0,1,1,0.6,small,1
585,Noreste,6,19,NuevoLeon,res,1B,MEX,34026,75566223,2220.837683,8710,166,1,1,0.6,small,2
586,Noreste,6,19,NuevoLeon,res,1C,MEX,1562873,2707000000,1732.066521,8710,130,1,1,0.6,small,3
587,Noreste,6,19,NuevoLeon,res,1D,MEX,13779,28085446,2038.278975,8710,153,1,1,0.6,small,4
588,Noreste,6,19,NuevoLeon,res,1E,MEX,12993,21529092,1656.976218,8710,124,1,1,0.6,small,5
589,Noreste,6,19,NuevoLeon,res,1F,MEX,1,1641.7548,1641.7548,8710,123,1,1,0.6,small,6
590,Noreste,6,19,NuevoLeon,com,5A,MEX,2203,67033930,30428.47481,8710,2280,1,1,0.6,small,19
591,Noreste,6,19,NuevoLeon,com,9CU,MEX,2873,28622246,9962.494257,8710,746,1,1,0.6,small,25
592,Noreste,6,19,NuevoLeon,com,9M,MEX,559,580166.78,1037.865438,8710,78,1,1,0.6,small,24
593,Noreste,6,19,NuevoLeon,com,9N,MEX,649,21830600,33637.28814,8710,2520,1,1,0.6,small,26
594,Noreste,6,19,NuevoLeon,res,DAC,MEX,12326,134311733,10896.61958,8710,816,1,1,0.6,small,10
595,Noreste,6,19,NuevoLeon,ind,HM,MEX,16083,6686000000,415718.4605,8710,31147,1,1,0.6,small,40
596,Noreste,6,19,NuevoLeon,ind,HMC,MEX,0,0,0,8710,0,1,1,0.6,small,40
597,Noreste,6,19,NuevoLeon,ind,HMCF,MEX,0,0,0,8710,0,1,1,0.6,small,40
598,Noreste,6,19,NuevoLeon,ind,HMF,MEX,6,27601329,4600221.5,8710,344648,1,1,0.6,small,40
599,Noreste,6,19,NuevoLeon,ind,HS,MEX,102,2578000000,25274509.8,8710,1893271,1,1,0.6,small,40
600,Noreste,6,19,NuevoLeon,ind,HSF,MEX,0,0,0,8710,0,1,1,0.6,small,40
601,Noreste,6,19,NuevoLeon,ind,HSL,MEX,31,738340260,23817427.74,8710,1784398,1,1,0.6,small,40
602,Noreste,6,19,NuevoLeon,ind,HSLF,MEX,0,0,0,8710,0,1,1,0.6,small,40
603,Noreste,6,19,NuevoLeon,ind,HT,MEX,9,201935573,22437285.89,8710,1680998,1,1,0.6,small,40
604,Noreste,6,19,NuevoLeon,ind,HTF,MEX,0,0,0,8710,0,1,1,0.6,small,40
605,Noreste,6,19,NuevoLeon,ind,HTL,MEX,3,37368715,12456238.33,8710,933219,1,1,0.6,small,40
606,Noreste,6,19,NuevoLeon,ind,HTLF,MEX,0,0,0,8710,0,1,1,0.6,small,40
607,Noreste,6,19,NuevoLeon,ind,OM,MEX,29803,1291000000,43317.7868,8710,3245,1,1,0.6,small,31
608,Noreste,6,19,NuevoLeon,ind,OMF,MEX,0,0,0,8710,0,1,1,0.6,small,31
609,Oriental,2,20,Oaxaca,res,1,MEX,736840,614929191,834.5491436,7128,63,1,1,0.6,small,0
610,Oriental,2,20,Oaxaca,com,2,MEX,141407,336102485,2376.844746,7128,178,1,1,0.6,small,17
611,Oriental,2,20,Oaxaca,com,3,MEX,183,8732106.7,47716.43005,7128,3575,1,1,0.6,small,18
612,Oriental,2,20,Oaxaca,com,5,MEX,0,0,0,7128,0,1,1,0.6,small,15
613,Oriental,2,20,Oaxaca,com,6,MEX,1912,53010274,27725.0387,7128,2077,1,1,0.6,small,21
614,Oriental,2,20,Oaxaca,com,7,MEX,552,1169102.9,2117.940036,7128,159,1,1,0.6,small,22
615,Oriental,2,20,Oaxaca,com,9,MEX,1720,1594571,927.0761628,7128,69,1,1,0.6,small,23
616,Oriental,2,20,Oaxaca,res,1A,MEX,31718,18134824,571.7518129,7128,43,1,1,0.6,small,1
617,Oriental,2,20,Oaxaca,res,1B,MEX,305954,362634377,1185.257839,7128,89,1,1,0.6,small,2
618,Oriental,2,20,Oaxaca,res,1C,MEX,172904,247465919,1431.233048,7128,107,1,1,0.6,small,3
619,Oriental,2,20,Oaxaca,res,1D,MEX,133,690751.65,5193.621429,7128,389,1,1,0.6,small,4
620,Oriental,2,20,Oaxaca,res,1E,MEX,0,0,0,7128,0,1,1,0.6,small,5
621,Oriental,2,20,Oaxaca,res,1F,MEX,0,0,0,7128,0,1,1,0.6,small,6
622,Oriental,2,20,Oaxaca,com,5A,MEX,3326,150218629,45164.95159,7128,3384,1,1,0.6,small,19
623,Oriental,2,20,Oaxaca,com,9CU,MEX,7709,48220781,6255.127902,7128,469,1,1,0.6,small,25
624,Oriental,2,20,Oaxaca,com,9M,MEX,164,826817.08,5041.567561,7128,378,1,1,0.6,small,24
625,Oriental,2,20,Oaxaca,com,9N,MEX,21,1042794.6,49656.88571,7128,3720,1,1,0.6,small,26
626,Oriental,2,20,Oaxaca,res,DAC,MEX,5042,26294732,5215.13923,7128,391,1,1,0.6,small,9
627,Oriental,2,20,Oaxaca,ind,HM,MEX,608,310048237,509947.7582,7128,38205,1,1,0.6,small,42
628,Oriental,2,20,Oaxaca,ind,HMC,MEX,0,0,0,7128,0,1,1,0.6,small,42
629,Oriental,2,20,Oaxaca,ind,HMCF,MEX,0,0,0,7128,0,1,1,0.6,small,42
630,Oriental,2,20,Oaxaca,ind,HMF,MEX,0,0,0,7128,0,1,1,0.6,small,42
631,Oriental,2,20,Oaxaca,ind,HS,MEX,14,126688732,9049195.143,7128,677964,1,1,0.6,small,42
632,Oriental,2,20,Oaxaca,ind,HSF,MEX,0,0,0,7128,0,1,1,0.6,small,42
633,Oriental,2,20,Oaxaca,ind,HSL,MEX,1,254909488,254909488,7128,19097777,1,1,0.6,small,42
634,Oriental,2,20,Oaxaca,ind,HSLF,MEX,0,0,0,7128,0,1,1,0.6,small,42
635,Oriental,2,20,Oaxaca,ind,HT,MEX,12,12711400,1059283.333,7128,79361,1,1,0.6,small,42
636,Oriental,2,20,Oaxaca,ind,HTF,MEX,0,0,0,7128,0,1,1,0.6,small,42
637,Oriental,2,20,Oaxaca,ind,HTL,MEX,1,68380129,68380129,7128,5123028,1,1,0.6,small,42
638,Oriental,2,20,Oaxaca,ind,HTLF,MEX,0,0,0,7128,0,1,1,0.6,small,42
639,Oriental,2,20,Oaxaca,ind,OM,MEX,3323,191998979,57778.808,7128,4329,1,1,0.6,small,34
640,Oriental,2,20,Oaxaca,ind,OMF,MEX,0,0,0,7128,0,1,1,0.6,small,34
641,Oriental,2,21,Puebla,res,1,MEX,1753836,1977000000,1127.243368,7128,84,1,1,0.6,small,0
642,Oriental,2,21,Puebla,com,2,MEX,242861,628645131,2588.497663,7128,194,1,1,0.6,small,17
643,Oriental,2,21,Puebla,com,3,MEX,285,16195150,56825.08772,7128,4257,1,1,0.6,small,18
644,Oriental,2,21,Puebla,com,5,MEX,0,0,0,7128,0,1,1,0.6,small,15
645,Oriental,2,21,Puebla,com,6,MEX,1821,111566021,61266.34871,7128,4590,1,1,0.6,small,21
646,Oriental,2,21,Puebla,com,7,MEX,142,4866388.1,34270.33873,7128,2568,1,1,0.6,small,22
647,Oriental,2,21,Puebla,com,9,MEX,295,289776.4,982.2928814,7128,74,1,1,0.6,small,23
648,Oriental,2,21,Puebla,res,1A,MEX,18487,18010050,974.2007897,7128,73,1,1,0.6,small,1
649,Oriental,2,21,Puebla,res,1B,MEX,13611,15057735,1106.291602,7128,83,1,1,0.6,small,2
650,Oriental,2,21,Puebla,res,1C,MEX,5,3363.5952,672.71904,7128,50,1,1,0.6,small,3
651,Oriental,2,21,Puebla,res,1D,MEX,0,0,0,7128,0,1,1,0.6,small,4
652,Oriental,2,21,Puebla,res,1E,MEX,0,0,0,7128,0,1,1,0.6,small,5
653,Oriental,2,21,Puebla,res,1F,MEX,0,0,0,7128,0,1,1,0.6,small,6
654,Oriental,2,21,Puebla,com,5A,MEX,3502,250633665,71568.72216,7128,5362,1,1,0.6,small,19
655,Oriental,2,21,Puebla,com,9CU,MEX,2378,164855060,69325.08831,7128,5194,1,1,0.6,small,25
656,Oriental,2,21,Puebla,com,9M,MEX,286,1659747.4,5803.312587,7128,435,1,1,0.6,small,24
657,Oriental,2,21,Puebla,com,9N,MEX,1106,201735520,182401.0127,7128,13665,1,1,0.6,small,26
658,Oriental,2,21,Puebla,res,DAC,MEX,16215,76909912,4743.133642,7128,355,1,1,0.6,small,9
659,Oriental,2,21,Puebla,ind,HM,MEX,2124,2469000000,1162429.379,7128,87076,1,1,0.6,small,42
660,Oriental,2,21,Puebla,ind,HMC,MEX,0,0,0,7128,0,1,1,0.6,small,42
661,Oriental,2,21,Puebla,ind,HMCF,MEX,0,0,0,7128,0,1,1,0.6,small,42
662,Oriental,2,21,Puebla,ind,HMF,MEX,2,14841103,7420551.5,7128,555947,1,1,0.6,small,42
663,Oriental,2,21,Puebla,ind,HS,MEX,15,596482554,39765503.6,7128,2979225,1,1,0.6,small,42
664,Oriental,2,21,Puebla,ind,HSF,MEX,0,0,0,7128,0,1,1,0.6,small,42
665,Oriental,2,21,Puebla,ind,HSL,MEX,4,408488616,102122154,7128,7650975,1,1,0.6,small,42
666,Oriental,2,21,Puebla,ind,HSLF,MEX,0,0,0,7128,0,1,1,0.6,small,42
667,Oriental,2,21,Puebla,ind,HT,MEX,4,842992077,210748019.3,7128,15789207,1,1,0.6,small,42
668,Oriental,2,21,Puebla,ind,HTF,MEX,0,0,0,7128,0,1,1,0.6,small,42
669,Oriental,2,21,Puebla,ind,HTL,MEX,1,139623691,139623691,7128,10460584,1,1,0.6,small,42
670,Oriental,2,21,Puebla,ind,HTLF,MEX,0,0,0,7128,0,1,1,0.6,small,42
671,Oriental,2,21,Puebla,ind,OM,MEX,6356,427256502,67220.97262,7128,5036,1,1,0.6,small,34
672,Oriental,2,21,Puebla,ind,OMF,MEX,0,0,0,7128,0,1,1,0.6,small,34
673,Occidental,3,22,Queretaro,res,1,MEX,629958,725609839,1151.838438,9351,86,1,1,0.6,small,0
674,Occidental,3,22,Queretaro,com,2,MEX,79193,293109092,3701.1995,9351,277,1,1,0.6,small,17
675,Occidental,3,22,Queretaro,com,3,MEX,69,4044483,58615.69565,9351,4391,1,1,0.6,small,18
676,Occidental,3,22,Queretaro,com,5,MEX,1,0,0,9351,0,1,1,0.6,small,15
677,Occidental,3,22,Queretaro,com,6,MEX,632,86511669,136885.5522,9351,10255,1,1,0.6,small,21
678,Occidental,3,22,Queretaro,com,7,MEX,23,225107.27,9787.272609,9351,733,1,1,0.6,small,22
679,Occidental,3,22,Queretaro,com,9,MEX,41,613228.79,14956.79976,9351,1121,1,1,0.6,small,23
680,Occidental,3,22,Queretaro,res,1A,MEX,25259,29242109,1157.690685,9351,87,1,1,0.6,small,1
681,Occidental,3,22,Queretaro,res,1B,MEX,4,1161.2412,290.3103,9351,22,1,1,0.6,small,2
682,Occidental,3,22,Queretaro,res,1C,MEX,0,0,0,9351,0,1,1,0.6,small,3
683,Occidental,3,22,Queretaro,res,1D,MEX,0,0,0,9351,0,1,1,0.6,small,4
684,Occidental,3,22,Queretaro,res,1E,MEX,0,0,0,9351,0,1,1,0.6,small,5
685,Occidental,3,22,Queretaro,res,1F,MEX,0,0,0,9351,0,1,1,0.6,small,6
686,Occidental,3,22,Queretaro,com,5A,MEX,9178,116278512,12669.26476,9351,949,1,1,0.6,small,19
687,Occidental,3,22,Queretaro,com,9CU,MEX,46,164242.22,3570.483043,9351,268,1,1,0.6,small,25
688,Occidental,3,22,Queretaro,com,9M,MEX,138,1382317.5,10016.79348,9351,750,1,1,0.6,small,24
689,Occidental,3,22,Queretaro,com,9N,MEX,1305,285790335,218996.4253,9351,16407,1,1,0.6,small,26
690,Occidental,3,22,Queretaro,res,DAC,MEX,10717,45941238,4286.7629,9351,321,1,1,0.6,small,9
691,Occidental,3,22,Queretaro,ind,HM,MEX,1843,2531000000,1373304.395,9351,102892,1,1,0.6,small,42
692,Occidental,3,22,Queretaro,ind,HMC,MEX,0,0,0,9351,0,1,1,0.6,small,42
693,Occidental,3,22,Queretaro,ind,HMCF,MEX,0,0,0,9351,0,1,1,0.6,small,42
694,Occidental,3,22,Queretaro,ind,HMF,MEX,0,0,0,9351,0,1,1,0.6,small,42
695,Occidental,3,22,Queretaro,ind,HS,MEX,16,500917315,31307332.19,9351,2345540,1,1,0.6,small,42
696,Occidental,3,22,Queretaro,ind,HSF,MEX,0,0,0,9351,0,1,1,0.6,small,42
697,Occidental,3,22,Queretaro,ind,HSL,MEX,21,639243419,30440162.81,9351,2280572,1,1,0.6,small,42
698,Occidental,3,22,Queretaro,ind,HSLF,MEX,0,0,0,9351,0,1,1,0.6,small,42
699,Occidental,3,22,Queretaro,ind,HT,MEX,0,0,0,9351,0,1,1,0.6,small,42
700,Occidental,3,22,Queretaro,ind,HTF,MEX,0,0,0,9351,0,1,1,0.6,small,42
701,Occidental,3,22,Queretaro,ind,HTL,MEX,0,0,0,9351,0,1,1,0.6,small,42
702,Occidental,3,22,Queretaro,ind,HTLF,MEX,0,0,0,9351,0,1,1,0.6,small,42
703,Occidental,3,22,Queretaro,ind,OM,MEX,5415,319653984,59031.20665,9351,4423,1,1,0.6,small,34
704,Occidental,3,22,Queretaro,ind,OMF,MEX,0,0,0,9351,0,1,1,0.6,small,34
705,Peninsular,7,23,QuintanaRoo,res,1,MEX,0,0,0,1893,0,1,1,0.6,small,0
706,Peninsular,7,23,QuintanaRoo,com,2,MEX,46432,303526827,6537.018156,1893,490,1,1,0.6,small,17
707,Peninsular,7,23,QuintanaRoo,com,3,MEX,147,10140185,68980.85034,1893,5168,1,1,0.6,small,18
708,Peninsular,7,23,QuintanaRoo,com,5,MEX,0,0,0,1893,0,1,1,0.6,small,15
709,Peninsular,7,23,QuintanaRoo,com,6,MEX,428,19623441,45849.16121,1893,3435,1,1,0.6,small,21
710,Peninsular,7,23,QuintanaRoo,com,7,MEX,18,183329.29,10184.96056,1893,763,1,1,0.6,small,22
711,Peninsular,7,23,QuintanaRoo,com,9,MEX,25,25907.692,1036.30768,1893,78,1,1,0.6,small,23
712,Peninsular,7,23,QuintanaRoo,res,1A,MEX,2501,633623.92,253.3482287,1893,19,1,1,0.6,small,1
713,Peninsular,7,23,QuintanaRoo,res,1B,MEX,184111,313649753,1703.590513,1893,128,1,1,0.6,small,2
714,Peninsular,7,23,QuintanaRoo,res,1C,MEX,379198,906165908,2389.690631,1893,179,1,1,0.6,small,3
715,Peninsular,7,23,QuintanaRoo,res,1D,MEX,9628,5095993.6,529.2889074,1893,40,1,1,0.6,small,4
716,Peninsular,7,23,QuintanaRoo,res,1E,MEX,0,0,0,1893,0,1,1,0.6,small,5
717,Peninsular,7,23,QuintanaRoo,res,1F,MEX,0,0,0,1893,0,1,1,0.6,small,6
718,Peninsular,7,23,QuintanaRoo,com,5A,MEX,3158,126834488,40162.91577,1893,3009,1,1,0.6,small,19
719,Peninsular,7,23,QuintanaRoo,com,9CU,MEX,193,4866828.6,25216.7285,1893,1889,1,1,0.6,small,25
720,Peninsular,7,23,QuintanaRoo,com,9M,MEX,65,323238.83,4972.905077,1893,373,1,1,0.6,small,24
721,Peninsular,7,23,QuintanaRoo,com,9N,MEX,3,588362.21,196120.7367,1893,14693,1,1,0.6,small,26
722,Peninsular,7,23,QuintanaRoo,res,DAC,MEX,10538,101027624,9586.982729,1893,718,1,1,0.6,small,8
723,Peninsular,7,23,QuintanaRoo,ind,HM,MEX,5027,2499000000,497115.5759,1893,37242,1,1,0.6,small,42
724,Peninsular,7,23,QuintanaRoo,ind,HMC,MEX,0,0,0,1893,0,1,1,0.6,small,42
725,Peninsular,7,23,QuintanaRoo,ind,HMCF,MEX,0,0,0,1893,0,1,1,0.6,small,42
726,Peninsular,7,23,QuintanaRoo,ind,HMF,MEX,0,0,0,1893,0,1,1,0.6,small,42
727,Peninsular,7,23,QuintanaRoo,ind,HS,MEX,4,119807978,29951994.5,1893,2243999,1,1,0.6,small,42
728,Peninsular,7,23,QuintanaRoo,ind,HSF,MEX,0,0,0,1893,0,1,1,0.6,small,42
729,Peninsular,7,23,QuintanaRoo,ind,HSL,MEX,0,0,0,1893,0,1,1,0.6,small,42
730,Peninsular,7,23,QuintanaRoo,ind,HSLF,MEX,0,0,0,1893,0,1,1,0.6,small,42
731,Peninsular,7,23,QuintanaRoo,ind,HT,MEX,0,0,0,1893,0,1,1,0.6,small,42
732,Peninsular,7,23,QuintanaRoo,ind,HTF,MEX,0,0,0,1893,0,1,1,0.6,small,42
733,Peninsular,7,23,QuintanaRoo,ind,HTL,MEX,0,0,0,1893,0,1,1,0.6,small,42
734,Peninsular,7,23,QuintanaRoo,ind,HTLF,MEX,0,0,0,1893,0,1,1,0.6,small,42
735,Peninsular,7,23,QuintanaRoo,ind,OM,MEX,5845,424332470,72597.51411,1893,5439,1,1,0.6,small,33
736,Peninsular,7,23,QuintanaRoo,ind,OMF,MEX,0,0,0,1893,0,1,1,0.6,small,33
737,Occidental,3,24,SanLuisPotosi,res,1,MEX,508771,653565968,1284.597526,9351,96,1,1,0.6,small,0
738,Occidental,3,24,SanLuisPotosi,com,2,MEX,99854,248555564,2489.189857,9351,186,1,1,0.6,small,17
739,Occidental,3,24,SanLuisPotosi,com,3,MEX,65,3754239.4,57757.52923,9351,4327,1,1,0.6,small,18
740,Occidental,3,24,SanLuisPotosi,com,5,MEX,0,0,0,9351,0,1,1,0.6,small,15
741,Occidental,3,24,SanLuisPotosi,com,6,MEX,1165,56401565,48413.36052,9351,3627,1,1,0.6,small,21
742,Occidental,3,24,SanLuisPotosi,com,7,MEX,23,13534.466,588.4550435,9351,44,1,1,0.6,small,22
743,Occidental,3,24,SanLuisPotosi,com,9,MEX,268,159330.3,594.5160448,9351,45,1,1,0.6,small,23
744,Occidental,3,24,SanLuisPotosi,res,1A,MEX,93130,124461538,1336.427982,9351,100,1,1,0.6,small,1
745,Occidental,3,24,SanLuisPotosi,res,1B,MEX,90614,100625407,1110.484108,9351,83,1,1,0.6,small,2
746,Occidental,3,24,SanLuisPotosi,res,1C,MEX,22741,29685102,1305.356053,9351,98,1,1,0.6,small,3
747,Occidental,3,24,SanLuisPotosi,res,1D,MEX,82304,138494070,1682.71372,9351,126,1,1,0.6,small,4
748,Occidental,3,24,SanLuisPotosi,res,1E,MEX,0,0,0,9351,0,1,1,0.6,small,5
749,Occidental,3,24,SanLuisPotosi,res,1F,MEX,0,0,0,9351,0,1,1,0.6,small,6
750,Occidental,3,24,SanLuisPotosi,com,5A,MEX,13457,137036352,10183.27651,9351,763,1,1,0.6,small,19
751,Occidental,3,24,SanLuisPotosi,com,9CU,MEX,2406,61416485,25526.38612,9351,1912,1,1,0.6,small,25
752,Occidental,3,24,SanLuisPotosi,com,9M,MEX,290,1919918.8,6620.409655,9351,496,1,1,0.6,small,24
753,Occidental,3,24,SanLuisPotosi,com,9N,MEX,2101,146128657,69551.95478,9351,5211,1,1,0.6,small,26
754,Occidental,3,24,SanLuisPotosi,res,DAC,MEX,8963,36294020,4049.316077,9351,303,1,1,0.6,small,9
755,Occidental,3,24,SanLuisPotosi,ind,HM,MEX,1254,1517000000,1209728.868,9351,90635,1,1,0.6,small,42
756,Occidental,3,24,SanLuisPotosi,ind,HMC,MEX,0,0,0,9351,0,1,1,0.6,small,42
757,Occidental,3,24,SanLuisPotosi,ind,HMCF,MEX,0,0,0,9351,0,1,1,0.6,small,42
758,Occidental,3,24,SanLuisPotosi,ind,HMF,MEX,1,214162.24,214162.24,9351,16045,1,1,0.6,small,42
759,Occidental,3,24,SanLuisPotosi,ind,HS,MEX,35,1048000000,29942857.14,9351,2243014,1,1,0.6,small,42
760,Occidental,3,24,SanLuisPotosi,ind,HSF,MEX,0,0,0,9351,0,1,1,0.6,small,42
761,Occidental,3,24,SanLuisPotosi,ind,HSL,MEX,16,582879308,36429956.75,9351,2729326,1,1,0.6,small,42
762,Occidental,3,24,SanLuisPotosi,ind,HSLF,MEX,0,0,0,9351,0,1,1,0.6,small,42
763,Occidental,3,24,SanLuisPotosi,ind,HT,MEX,7,913475067,130496438.1,9351,9776772,1,1,0.6,small,42
764,Occidental,3,24,SanLuisPotosi,ind,HTF,MEX,0,0,0,9351,0,1,1,0.6,small,42
765,Occidental,3,24,SanLuisPotosi,ind,HTL,MEX,1,142244506,142244506,9351,10656935,1,1,0.6,small,42
766,Occidental,3,24,SanLuisPotosi,ind,HTLF,MEX,0,0,0,9351,0,1,1,0.6,small,42
767,Occidental,3,24,SanLuisPotosi,ind,OM,MEX,5237,290088983,55392.20603,9351,4150,1,1,0.6,small,34
768,Occidental,3,24,SanLuisPotosi,ind,OMF,MEX,0,0,0,9351,0,1,1,0.6,small,34
769,Noroeste,4,25,Sinaloa,res,1,MEX,2,0,0,4350,0,1,1,0.6,small,0
770,Noroeste,4,25,Sinaloa,com,2,MEX,89918,407027134,4526.64799,4350,339,1,1,0.6,small,17
771,Noroeste,4,25,Sinaloa,com,3,MEX,119,4218629.1,35450.66471,4350,2656,1,1,0.6,small,18
772,Noroeste,4,25,Sinaloa,com,5,MEX,0,0,0,4350,0,1,1,0.6,small,15
773,Noroeste,4,25,Sinaloa,com,6,MEX,1375,73286573,53299.32582,4350,3993,1,1,0.6,small,21
774,Noroeste,4,25,Sinaloa,com,7,MEX,5,36946.157,7389.2314,4350,554,1,1,0.6,small,22
775,Noroeste,4,25,Sinaloa,com,9,MEX,155,829713.51,5352.990387,4350,401,1,1,0.6,small,23
776,Noroeste,4,25,Sinaloa,res,1A,MEX,0,0,0,4350,0,1,1,0.6,small,1
777,Noroeste,4,25,Sinaloa,res,1B,MEX,909,3066904.7,3373.932563,4350,253,1,1,0.6,small,2
778,Noroeste,4,25,Sinaloa,res,1C,MEX,1,0,0,4350,0,1,1,0.6,small,3
779,Noroeste,4,25,Sinaloa,res,1D,MEX,287060,661349407,2303.871689,4350,173,1,1,0.6,small,4
780,Noroeste,4,25,Sinaloa,res,1E,MEX,199142,382987746,1923.189212,4350,144,1,1,0.6,small,5
781,Noroeste,4,25,Sinaloa,res,1F,MEX,450146,1090000000,2421.436601,4350,181,1,1,0.6,small,6
782,Noroeste,4,25,Sinaloa,com,5A,MEX,4478,137026715,30599.98102,4350,2293,1,1,0.6,small,19
783,Noroeste,4,25,Sinaloa,com,9CU,MEX,2149,142513914,66316.38623,4350,4968,1,1,0.6,small,25
784,Noroeste,4,25,Sinaloa,com,9M,MEX,453,12767767,28184.91611,4350,2112,1,1,0.6,small,24
785,Noroeste,4,25,Sinaloa,com,9N,MEX,956,124695188,130434.2971,4350,9772,1,1,0.6,small,26
786,Noroeste,4,25,Sinaloa,res,DAC,MEX,939,10784327,11484.90628,4350,860,1,1,0.6,small,12
787,Noroeste,4,25,Sinaloa,ind,HM,MEX,2714,1497000000,551584.3773,4350,41338,1,1,0.6,small,39
788,Noroeste,4,25,Sinaloa,ind,HMC,MEX,34,7047386,207276.0588,4350,15529,1,1,0.6,small,39
789,Noroeste,4,25,Sinaloa,ind,HMCF,MEX,0,0,0,4350,0,1,1,0.6,small,39
790,Noroeste,4,25,Sinaloa,ind,HMF,MEX,0,0,0,4350,0,1,1,0.6,small,39
791,Noroeste,4,25,Sinaloa,ind,HS,MEX,2,24127989,12063994.5,4350,903833,1,1,0.6,small,39
792,Noroeste,4,25,Sinaloa,ind,HSF,MEX,0,0,0,4350,0,1,1,0.6,small,39
793,Noroeste,4,25,Sinaloa,ind,HSL,MEX,0,0,0,4350,0,1,1,0.6,small,39
794,Noroeste,4,25,Sinaloa,ind,HSLF,MEX,0,0,0,4350,0,1,1,0.6,small,39
795,Noroeste,4,25,Sinaloa,ind,HT,MEX,0,0,0,4350,0,1,1,0.6,small,39
796,Noroeste,4,25,Sinaloa,ind,HTF,MEX,0,0,0,4350,0,1,1,0.6,small,39
797,Noroeste,4,25,Sinaloa,ind,HTL,MEX,0,0,0,4350,0,1,1,0.6,small,39
798,Noroeste,4,25,Sinaloa,ind,HTLF,MEX,0,0,0,4350,0,1,1,0.6,small,39
799,Noroeste,4,25,Sinaloa,ind,OM,MEX,9854,508900942,51644.09803,4350,3869,1,1,0.6,small,30
800,Noroeste,4,25,Sinaloa,ind,OMF,MEX,0,0,0,4350,0,1,1,0.6,small,30
801,Noroeste,4,26,Sonora,res,1,MEX,1,0,0,4350,0,1,1,0.6,small,0
802,Noroeste,4,26,Sonora,com,2,MEX,79071,345219603,4365.944569,4350,327,1,1,0.6,small,17
803,Noroeste,4,26,Sonora,com,3,MEX,174,7368983.1,42350.47759,4350,3173,1,1,0.6,small,18
804,Noroeste,4,26,Sonora,com,5,MEX,0,0,0,4350,0,1,1,0.6,small,15
805,Noroeste,4,26,Sonora,com,6,MEX,1044,165793142,158805.6916,4350,11898,1,1,0.6,small,21
806,Noroeste,4,26,Sonora,com,7,MEX,27,44287.337,1640.271741,4350,123,1,1,0.6,small,22
807,Noroeste,4,26,Sonora,com,9,MEX,36,126401.77,3511.160278,4350,263,1,1,0.6,small,23
808,Noroeste,4,26,Sonora,res,1A,MEX,91247,176184249,1930.84977,4350,145,1,1,0.6,small,1
809,Noroeste,4,26,Sonora,res,1B,MEX,40025,84500479,2111.19248,4350,158,1,1,0.6,small,2
810,Noroeste,4,26,Sonora,res,1C,MEX,28502,67475348,2367.389938,4350,177,1,1,0.6,small,3
811,Noroeste,4,26,Sonora,res,1D,MEX,9597,13334559,1389.450766,4350,104,1,1,0.6,small,4
812,Noroeste,4,26,Sonora,res,1E,MEX,264880,577215387,2179.15806,4350,163,1,1,0.6,small,5
813,Noroeste,4,26,Sonora,res,1F,MEX,490488,1154000000,2352.758885,4350,176,1,1,0.6,small,6
814,Noroeste,4,26,Sonora,com,5A,MEX,4469,122076656,27316.3249,4350,2047,1,1,0.6,small,19
815,Noroeste,4,26,Sonora,com,9CU,MEX,1966,124594320,63374.52696,4350,4748,1,1,0.6,small,25
816,Noroeste,4,26,Sonora,com,9M,MEX,275,5050264.7,18364.59891,4350,1376,1,1,0.6,small,24
817,Noroeste,4,26,Sonora,com,9N,MEX,3172,592021212,186639.7264,4350,13983,1,1,0.6,small,26
818,Noroeste,4,26,Sonora,res,DAC,MEX,8280,61545196,7432.994686,4350,557,1,1,0.6,small,12
819,Noroeste,4,26,Sonora,ind,HM,MEX,3519,2422000000,688263.7113,4350,51564,1,1,0.6,small,39
820,Noroeste,4,26,Sonora,ind,HMC,MEX,11,2631319.2,239210.8364,4350,17922,1,1,0.6,small,39
821,Noroeste,4,26,Sonora,ind,HMCF,MEX,0,0,0,4350,0,1,1,0.6,small,39
822,Noroeste,4,26,Sonora,ind,HMF,MEX,0,0,0,4350,0,1,1,0.6,small,39
823,Noroeste,4,26,Sonora,ind,HS,MEX,18,520813221,28934067.83,4350,2167736,1,1,0.6,small,39
824,Noroeste,4,26,Sonora,ind,HSF,MEX,0,0,0,4350,0,1,1,0.6,small,39
825,Noroeste,4,26,Sonora,ind,HSL,MEX,7,170377950,24339707.14,4350,1823527,1,1,0.6,small,39
826,Noroeste,4,26,Sonora,ind,HSLF,MEX,0,0,0,4350,0,1,1,0.6,small,39
827,Noroeste,4,26,Sonora,ind,HT,MEX,5,23574705,4714941,4350,353243,1,1,0.6,small,39
828,Noroeste,4,26,Sonora,ind,HTF,MEX,0,0,0,4350,0,1,1,0.6,small,39
829,Noroeste,4,26,Sonora,ind,HTL,MEX,3,61366218,20455406,4350,1532516,1,1,0.6,small,39
830,Noroeste,4,26,Sonora,ind,HTLF,MEX,0,0,0,4350,0,1,1,0.6,small,39
831,Noroeste,4,26,Sonora,ind,OM,MEX,12925,665092301,51457.81826,4350,3855,1,1,0.6,small,30
832,Noroeste,4,26,Sonora,ind,OMF,MEX,0,0,0,4350,0,1,1,0.6,small,30
833,Oriental,2,27,Tabasco,res,1,MEX,46,10076570,219055.8696,7128,16412,1,1,0.6,small,0
834,Oriental,2,27,Tabasco,com,2,MEX,63342,466999449,7372.666619,7128,552,1,1,0.6,small,17
835,Oriental,2,27,Tabasco,com,3,MEX,129,8581198.7,66520.92016,7128,4984,1,1,0.6,small,18
836,Oriental,2,27,Tabasco,com,5,MEX,0,0,0,7128,0,1,1,0.6,small,15
837,Oriental,2,27,Tabasco,com,6,MEX,1021,72101813,70618.81783,7128,5291,1,1,0.6,small,21
838,Oriental,2,27,Tabasco,com,7,MEX,13,45715.53,3516.579231,7128,263,1,1,0.6,small,22
839,Oriental,2,27,Tabasco,com,9,MEX,17,101855.54,5991.502353,7128,449,1,1,0.6,small,23
840,Oriental,2,27,Tabasco,res,1A,MEX,5,867.594,173.5188,7128,13,1,1,0.6,small,1
841,Oriental,2,27,Tabasco,res,1B,MEX,265,223185.22,842.2083774,7128,63,1,1,0.6,small,2
842,Oriental,2,27,Tabasco,res,1C,MEX,378410,849933457,2246.065001,7128,168,1,1,0.6,small,3
843,Oriental,2,27,Tabasco,res,1D,MEX,274608,654219747,2382.376868,7128,178,1,1,0.6,small,4
844,Oriental,2,27,Tabasco,res,1E,MEX,0,0,0,7128,0,1,1,0.6,small,5
845,Oriental,2,27,Tabasco,res,1F,MEX,0,0,0,7128,0,1,1,0.6,small,6
846,Oriental,2,27,Tabasco,com,5A,MEX,3036,153036094,50407.14559,7128,3776,1,1,0.6,small,19
847,Oriental,2,27,Tabasco,com,9CU,MEX,74,2338859.9,31606.21486,7128,2368,1,1,0.6,small,25
848,Oriental,2,27,Tabasco,com,9M,MEX,34,49506.248,1456.066118,7128,109,1,1,0.6,small,24
849,Oriental,2,27,Tabasco,com,9N,MEX,0,0,0,7128,0,1,1,0.6,small,26
850,Oriental,2,27,Tabasco,res,DAC,MEX,3526,41392055,11739.09671,7128,879,1,1,0.6,small,9
851,Oriental,2,27,Tabasco,ind,HM,MEX,1206,633926670,525644.005,7128,39381,1,1,0.6,small,42
852,Oriental,2,27,Tabasco,ind,HMC,MEX,0,0,0,7128,0,1,1,0.6,small,42
853,Oriental,2,27,Tabasco,ind,HMCF,MEX,0,0,0,7128,0,1,1,0.6,small,42
854,Oriental,2,27,Tabasco,ind,HMF,MEX,0,0,0,7128,0,1,1,0.6,small,42
855,Oriental,2,27,Tabasco,ind,HS,MEX,8,207505514,25938189.25,7128,1943285,1,1,0.6,small,42
856,Oriental,2,27,Tabasco,ind,HSF,MEX,0,0,0,7128,0,1,1,0.6,small,42
857,Oriental,2,27,Tabasco,ind,HSL,MEX,1,299707.01,299707.01,7128,22454,1,1,0.6,small,42
858,Oriental,2,27,Tabasco,ind,HSLF,MEX,0,0,0,7128,0,1,1,0.6,small,42
859,Oriental,2,27,Tabasco,ind,HT,MEX,0,0,0,7128,0,1,1,0.6,small,42
860,Oriental,2,27,Tabasco,ind,HTF,MEX,0,0,0,7128,0,1,1,0.6,small,42
861,Oriental,2,27,Tabasco,ind,HTL,MEX,0,0,0,7128,0,1,1,0.6,small,42
862,Oriental,2,27,Tabasco,ind,HTLF,MEX,0,0,0,7128,0,1,1,0.6,small,42
863,Oriental,2,27,Tabasco,ind,OM,MEX,3629,208128940,57351.59548,7128,4297,1,1,0.6,small,34
864,Oriental,2,27,Tabasco,ind,OMF,MEX,0,0,0,7128,0,1,1,0.6,small,34
865,Noreste,6,28,Tamaulipas,res,1,MEX,9432,6873199.8,728.7107506,8710,55,1,1,0.6,small,0
866,Noreste,6,28,Tamaulipas,com,2,MEX,93568,296900491,3173.098613,8710,238,1,1,0.6,small,17
867,Noreste,6,28,Tamaulipas,com,3,MEX,250,5096340.6,20385.3624,8710,1527,1,1,0.6,small,18
868,Noreste,6,28,Tamaulipas,com,5,MEX,0,0,0,8710,0,1,1,0.6,small,15
869,Noreste,6,28,Tamaulipas,com,6,MEX,1073,69696496,64954.7959,8710,4866,1,1,0.6,small,21
870,Noreste,6,28,Tamaulipas,com,7,MEX,17,8959443,527026.0588,8710,39485,1,1,0.6,small,22
871,Noreste,6,28,Tamaulipas,com,9,MEX,33,69701.167,2112.156576,8710,158,1,1,0.6,small,23
872,Noreste,6,28,Tamaulipas,res,1A,MEX,6661,9022136.7,1354.471806,8710,101,1,1,0.6,small,1
873,Noreste,6,28,Tamaulipas,res,1B,MEX,36847,43918115,1191.904768,8710,89,1,1,0.6,small,2
874,Noreste,6,28,Tamaulipas,res,1C,MEX,496239,862211714,1737.492849,8710,130,1,1,0.6,small,3
875,Noreste,6,28,Tamaulipas,res,1D,MEX,193084,383045234,1983.826904,8710,149,1,1,0.6,small,4
876,Noreste,6,28,Tamaulipas,res,1E,MEX,389723,865995438,2222.079369,8710,166,1,1,0.6,small,5
877,Noreste,6,28,Tamaulipas,res,1F,MEX,3,0,0,8710,0,1,1,0.6,small,6
878,Noreste,6,28,Tamaulipas,com,5A,MEX,4117,139333514,33843.45737,8710,2536,1,1,0.6,small,19
879,Noreste,6,28,Tamaulipas,com,9CU,MEX,1749,70535739,40329.18182,8710,3021,1,1,0.6,small,25
880,Noreste,6,28,Tamaulipas,com,9M,MEX,290,2808081.4,9683.03931,8710,725,1,1,0.6,small,24
881,Noreste,6,28,Tamaulipas,com,9N,MEX,170,11659943,68587.9,8710,5139,1,1,0.6,small,26
882,Noreste,6,28,Tamaulipas,res,DAC,MEX,2276,21610699,9495.03471,8710,711,1,1,0.6,small,10
883,Noreste,6,28,Tamaulipas,ind,HM,MEX,5271,2962000000,561942.7054,8710,42100,1,1,0.6,small,40
884,Noreste,6,28,Tamaulipas,ind,HMC,MEX,0,0,0,8710,0,1,1,0.6,small,40
885,Noreste,6,28,Tamaulipas,ind,HMCF,MEX,0,0,0,8710,0,1,1,0.6,small,40
886,Noreste,6,28,Tamaulipas,ind,HMF,MEX,5,23484208,4696841.6,8710,351887,1,1,0.6,small,40
887,Noreste,6,28,Tamaulipas,ind,HS,MEX,41,815382353,19887374.46,8710,1489959,1,1,0.6,small,40
888,Noreste,6,28,Tamaulipas,ind,HSF,MEX,0,0,0,8710,0,1,1,0.6,small,40
889,Noreste,6,28,Tamaulipas,ind,HSL,MEX,17,223748635,13161684.41,8710,986071,1,1,0.6,small,40
890,Noreste,6,28,Tamaulipas,ind,HSLF,MEX,0,0,0,8710,0,1,1,0.6,small,40
891,Noreste,6,28,Tamaulipas,ind,HT,MEX,11,137618267,12510751.55,8710,937304,1,1,0.6,small,40
892,Noreste,6,28,Tamaulipas,ind,HTF,MEX,0,0,0,8710,0,1,1,0.6,small,40
893,Noreste,6,28,Tamaulipas,ind,HTL,MEX,0,0,0,8710,0,1,1,0.6,small,40
894,Noreste,6,28,Tamaulipas,ind,HTLF,MEX,0,0,0,8710,0,1,1,0.6,small,40
895,Noreste,6,28,Tamaulipas,ind,OM,MEX,12543,524767341,41837.4664,8710,3134,1,1,0.6,small,31
896,Noreste,6,28,Tamaulipas,ind,OMF,MEX,0,0,0,8710,0,1,1,0.6,small,31
897,Oriental,2,29,Tlaxcala,res,1,MEX,345702,382591949,1106.710256,7128,83,1,1,0.6,small,0
898,Oriental,2,29,Tlaxcala,com,2,MEX,47414,114350638,2411.748387,7128,181,1,1,0.6,small,17
899,Oriental,2,29,Tlaxcala,com,3,MEX,36,1593877,44274.36111,7128,3317,1,1,0.6,small,18
900,Oriental,2,29,Tlaxcala,com,5,MEX,0,0,0,7128,0,1,1,0.6,small,15
901,Oriental,2,29,Tlaxcala,com,6,MEX,511,61859292,121055.3659,7128,9069,1,1,0.6,small,21
902,Oriental,2,29,Tlaxcala,com,7,MEX,30,170248.64,5674.954667,7128,425,1,1,0.6,small,22
903,Oriental,2,29,Tlaxcala,com,9,MEX,10,141618.04,14161.804,7128,1061,1,1,0.6,small,23
904,Oriental,2,29,Tlaxcala,res,1A,MEX,0,0,0,7128,0,1,1,0.6,small,1
905,Oriental,2,29,Tlaxcala,res,1B,MEX,0,0,0,7128,0,1,1,0.6,small,2
906,Oriental,2,29,Tlaxcala,res,1C,MEX,0,0,0,7128,0,1,1,0.6,small,3
907,Oriental,2,29,Tlaxcala,res,1D,MEX,0,0,0,7128,0,1,1,0.6,small,4
908,Oriental,2,29,Tlaxcala,res,1E,MEX,0,0,0,7128,0,1,1,0.6,small,5
909,Oriental,2,29,Tlaxcala,res,1F,MEX,0,0,0,7128,0,1,1,0.6,small,6
910,Oriental,2,29,Tlaxcala,com,5A,MEX,545,66538587,122089.1505,7128,9147,1,1,0.6,small,19
911,Oriental,2,29,Tlaxcala,com,9CU,MEX,382,17414947,45588.86649,7128,3416,1,1,0.6,small,25
912,Oriental,2,29,Tlaxcala,com,9M,MEX,56,679860.01,12140.35732,7128,910,1,1,0.6,small,24
913,Oriental,2,29,Tlaxcala,com,9N,MEX,35,3672405.3,104925.8657,7128,7861,1,1,0.6,small,26
914,Oriental,2,29,Tlaxcala,res,DAC,MEX,2080,9538915.7,4586.017163,7128,344,1,1,0.6,small,9
915,Oriental,2,29,Tlaxcala,ind,HM,MEX,374,665760576,1780108.492,7128,133365,1,1,0.6,small,42
916,Oriental,2,29,Tlaxcala,ind,HMC,MEX,0,0,0,7128,0,1,1,0.6,small,42
917,Oriental,2,29,Tlaxcala,ind,HMCF,MEX,0,0,0,7128,0,1,1,0.6,small,42
918,Oriental,2,29,Tlaxcala,ind,HMF,MEX,0,0,0,7128,0,1,1,0.6,small,42
919,Oriental,2,29,Tlaxcala,ind,HS,MEX,7,63113246,9016178,7128,675491,1,1,0.6,small,42
920,Oriental,2,29,Tlaxcala,ind,HSF,MEX,0,0,0,7128,0,1,1,0.6,small,42
921,Oriental,2,29,Tlaxcala,ind,HSL,MEX,6,333222834,55537139,7128,4160833,1,1,0.6,small,42
922,Oriental,2,29,Tlaxcala,ind,HSLF,MEX,0,0,0,7128,0,1,1,0.6,small,42
923,Oriental,2,29,Tlaxcala,ind,HT,MEX,1,319199605,319199605,7128,23914382,1,1,0.6,small,42
924,Oriental,2,29,Tlaxcala,ind,HTF,MEX,0,0,0,7128,0,1,1,0.6,small,42
925,Oriental,2,29,Tlaxcala,ind,HTL,MEX,0,0,0,7128,0,1,1,0.6,small,42
926,Oriental,2,29,Tlaxcala,ind,HTLF,MEX,0,0,0,7128,0,1,1,0.6,small,42
927,Oriental,2,29,Tlaxcala,ind,OM,MEX,1181,84678282,71700.4928,7128,5372,1,1,0.6,small,34
928,Oriental,2,29,Tlaxcala,ind,OMF,MEX,0,0,0,7128,0,1,1,0.6,small,34
929,Oriental,2,30,VeracruzdeIgnaciodelaLlave,res,1,MEX,663959,750406090,1130.19944,7128,85,1,1,0.6,small,0
930,Oriental,2,30,VeracruzdeIgnaciodelaLlave,com,2,MEX,248109,748273877,3015.907835,7128,226,1,1,0.6,small,17
931,Oriental,2,30,VeracruzdeIgnaciodelaLlave,com,3,MEX,239,13328940,55769.62343,7128,4178,1,1,0.6,small,18
932,Oriental,2,30,VeracruzdeIgnaciodelaLlave,com,5,MEX,0,0,0,7128,0,1,1,0.6,small,15
933,Oriental,2,30,VeracruzdeIgnaciodelaLlave,com,6,MEX,1663,62977514,37869.82201,7128,2837,1,1,0.6,small,21
934,Oriental,2,30,VeracruzdeIgnaciodelaLlave,com,7,MEX,244,326682.51,1338.862746,7128,100,1,1,0.6,small,22
935,Oriental,2,30,VeracruzdeIgnaciodelaLlave,com,9,MEX,52,59690.467,1147.893596,7128,86,1,1,0.6,small,23
936,Oriental,2,30,VeracruzdeIgnaciodelaLlave,res,1A,MEX,250764,262562615,1047.050673,7128,78,1,1,0.6,small,1
937,Oriental,2,30,VeracruzdeIgnaciodelaLlave,res,1B,MEX,918836,1188000000,1292.940198,7128,97,1,1,0.6,small,2
938,Oriental,2,30,VeracruzdeIgnaciodelaLlave,res,1C,MEX,576717,1107000000,1919.48564,7128,144,1,1,0.6,small,3
939,Oriental,2,30,VeracruzdeIgnaciodelaLlave,res,1D,MEX,36248,53653521,1480.178796,7128,111,1,1,0.6,small,4
940,Oriental,2,30,VeracruzdeIgnaciodelaLlave,res,1E,MEX,0,0,0,7128,0,1,1,0.6,small,5
941,Oriental,2,30,VeracruzdeIgnaciodelaLlave,res,1F,MEX,0,0,0,7128,0,1,1,0.6,small,6
942,Oriental,2,30,VeracruzdeIgnaciodelaLlave,com,5A,MEX,7871,303510716,38560.62965,7128,2889,1,1,0.6,small,19
943,Oriental,2,30,VeracruzdeIgnaciodelaLlave,com,9CU,MEX,1474,28715186,19481.13026,7128,1460,1,1,0.6,small,25
944,Oriental,2,30,VeracruzdeIgnaciodelaLlave,com,9M,MEX,191,1094663.4,5731.22199,7128,429,1,1,0.6,small,24
945,Oriental,2,30,VeracruzdeIgnaciodelaLlave,com,9N,MEX,408,32757533,80288.07108,7128,6015,1,1,0.6,small,26
946,Oriental,2,30,VeracruzdeIgnaciodelaLlave,res,DAC,MEX,20769,115160850,5544.843276,7128,415,1,1,0.6,small,9
947,Oriental,2,30,VeracruzdeIgnaciodelaLlave,ind,HM,MEX,3154,2048000000,649334.1788,7128,48659,1,1,0.6,small,42
948,Oriental,2,30,VeracruzdeIgnaciodelaLlave,ind,HMC,MEX,0,0,0,7128,0,1,1,0.6,small,42
949,Oriental,2,30,VeracruzdeIgnaciodelaLlave,ind,HMCF,MEX,0,0,0,7128,0,1,1,0.6,small,42
950,Oriental,2,30,VeracruzdeIgnaciodelaLlave,ind,HMF,MEX,1,218873.94,218873.94,7128,16398,1,1,0.6,small,42
951,Oriental,2,30,VeracruzdeIgnaciodelaLlave,ind,HS,MEX,33,812651688,24625808.73,7128,1844962,1,1,0.6,small,42
952,Oriental,2,30,VeracruzdeIgnaciodelaLlave,ind,HSF,MEX,0,0,0,7128,0,1,1,0.6,small,42
953,Oriental,2,30,VeracruzdeIgnaciodelaLlave,ind,HSL,MEX,14,537936977,38424069.79,7128,2878725,1,1,0.6,small,42
954,Oriental,2,30,VeracruzdeIgnaciodelaLlave,ind,HSLF,MEX,0,0,0,7128,0,1,1,0.6,small,42
955,Oriental,2,30,VeracruzdeIgnaciodelaLlave,ind,HT,MEX,6,570262529,95043754.83,7128,7120663,1,1,0.6,small,42
956,Oriental,2,30,VeracruzdeIgnaciodelaLlave,ind,HTF,MEX,0,0,0,7128,0,1,1,0.6,small,42
957,Oriental,2,30,VeracruzdeIgnaciodelaLlave,ind,HTL,MEX,1,673724341,673724341,7128,50475317,1,1,0.6,small,42
958,Oriental,2,30,VeracruzdeIgnaciodelaLlave,ind,HTLF,MEX,0,0,0,7128,0,1,1,0.6,small,42
959,Oriental,2,30,VeracruzdeIgnaciodelaLlave,ind,OM,MEX,11454,692730122,60479.31919,7128,4531,1,1,0.6,small,34
960,Oriental,2,30,VeracruzdeIgnaciodelaLlave,ind,OMF,MEX,0,0,0,7128,0,1,1,0.6,small,34
961,Peninsular,7,31,Yucatan,res,1,MEX,0,0,0,1893,0,1,1,0.6,small,0
962,Peninsular,7,31,Yucatan,com,2,MEX,73035,365453951,5003.819415,1893,375,1,1,0.6,small,17
963,Peninsular,7,31,Yucatan,com,3,MEX,113,9126221.3,80763.02035,1893,6051,1,1,0.6,small,18
964,Peninsular,7,31,Yucatan,com,5,MEX,0,0,0,1893,0,1,1,0.6,small,15
965,Peninsular,7,31,Yucatan,com,6,MEX,861,51961339,60349.98722,1893,4521,1,1,0.6,small,21
966,Peninsular,7,31,Yucatan,com,7,MEX,189,312347.19,1652.630635,1893,124,1,1,0.6,small,22
967,Peninsular,7,31,Yucatan,com,9,MEX,1023,793728.38,775.8830694,1893,58,1,1,0.6,small,23
968,Peninsular,7,31,Yucatan,res,1A,MEX,16,40096.19,2506.011875,1893,188,1,1,0.6,small,1
969,Peninsular,7,31,Yucatan,res,1B,MEX,251456,353462761,1405.664454,1893,105,1,1,0.6,small,2
970,Peninsular,7,31,Yucatan,res,1C,MEX,438525,955431806,2178.739652,1893,163,1,1,0.6,small,3
971,Peninsular,7,31,Yucatan,res,1D,MEX,3470,2144385.4,617.9785014,1893,46,1,1,0.6,small,4
972,Peninsular,7,31,Yucatan,res,1E,MEX,0,0,0,1893,0,1,1,0.6,small,5
973,Peninsular,7,31,Yucatan,res,1F,MEX,0,0,0,1893,0,1,1,0.6,small,6
974,Peninsular,7,31,Yucatan,com,5A,MEX,2623,139173383,53058.85742,1893,3975,1,1,0.6,small,19
975,Peninsular,7,31,Yucatan,com,9CU,MEX,5757,89375770,15524.71252,1893,1163,1,1,0.6,small,25
976,Peninsular,7,31,Yucatan,com,9M,MEX,190,1366166.9,7190.352105,1893,539,1,1,0.6,small,24
977,Peninsular,7,31,Yucatan,com,9N,MEX,61,10562143,173149.8852,1893,12972,1,1,0.6,small,26
978,Peninsular,7,31,Yucatan,res,DAC,MEX,5892,59611623,10117.3834,1893,758,1,1,0.6,small,8
979,Peninsular,7,31,Yucatan,ind,HM,MEX,2388,1204000000,504187.6047,1893,37776,1,1,0.6,small,42
980,Peninsular,7,31,Yucatan,ind,HMC,MEX,0,0,0,1893,0,1,1,0.6,small,42
981,Peninsular,7,31,Yucatan,ind,HMCF,MEX,0,0,0,1893,0,1,1,0.6,small,42
982,Peninsular,7,31,Yucatan,ind,HMF,MEX,0,0,0,1893,0,1,1,0.6,small,42
983,Peninsular,7,31,Yucatan,ind,HS,MEX,4,35849638,8962409.5,1893,671462,1,1,0.6,small,42
984,Peninsular,7,31,Yucatan,ind,HSF,MEX,0,0,0,1893,0,1,1,0.6,small,42
985,Peninsular,7,31,Yucatan,ind,HSL,MEX,1,160237.94,160237.94,1893,12005,1,1,0.6,small,42
986,Peninsular,7,31,Yucatan,ind,HSLF,MEX,0,0,0,1893,0,1,1,0.6,small,42
987,Peninsular,7,31,Yucatan,ind,HT,MEX,2,8006971.6,4003485.8,1893,299941,1,1,0.6,small,42
988,Peninsular,7,31,Yucatan,ind,HTF,MEX,0,0,0,1893,0,1,1,0.6,small,42
989,Peninsular,7,31,Yucatan,ind,HTL,MEX,0,0,0,1893,0,1,1,0.6,small,42
990,Peninsular,7,31,Yucatan,ind,HTLF,MEX,0,0,0,1893,0,1,1,0.6,small,42
991,Peninsular,7,31,Yucatan,ind,OM,MEX,5285,344584098,65200.39697,1893,4885,1,1,0.6,small,33
992,Peninsular,7,31,Yucatan,ind,OMF,MEX,0,0,0,1893,0,1,1,0.6,small,33
993,Occidental,3,32,Zacatecas,res,1,MEX,518548,551270949,1063.104957,9351,80,1,1,0.6,small,0
994,Occidental,3,32,Zacatecas,com,2,MEX,60040,135080782,2249.846469,9351,169,1,1,0.6,small,17
995,Occidental,3,32,Zacatecas,com,3,MEX,6,381020.59,63503.43167,9351,4758,1,1,0.6,small,18
996,Occidental,3,32,Zacatecas,com,5,MEX,0,0,0,9351,0,1,1,0.6,small,15
997,Occidental,3,32,Zacatecas,com,6,MEX,1475,134053364,90883.63661,9351,6809,1,1,0.6,small,21
998,Occidental,3,32,Zacatecas,com,7,MEX,42,71169.403,1694.509595,9351,127,1,1,0.6,small,22
999,Occidental,3,32,Zacatecas,com,9,MEX,425,261199.18,614.5863059,9351,46,1,1,0.6,small,23
1000,Occidental,3,32,Zacatecas,res,1A,MEX,8,3363.5952,420.4494,9351,32,1,1,0.6,small,1
1001,Occidental,3,32,Zacatecas,res,1B,MEX,37,36198.691,978.343,9351,73,1,1,0.6,small,2
1002,Occidental,3,32,Zacatecas,res,1C,MEX,3,93.4332,31.1444,9351,2,1,1,0.6,small,3
1003,Occidental,3,32,Zacatecas,res,1D,MEX,0,0,0,9351,0,1,1,0.6,small,4
1004,Occidental,3,32,Zacatecas,res,1E,MEX,0,0,0,9351,0,1,1,0.6,small,5
1005,Occidental,3,32,Zacatecas,res,1F,MEX,0,0,0,9351,0,1,1,0.6,small,6
1006,Occidental,3,32,Zacatecas,com,5A,MEX,11791,121831447,10332.57968,9351,774,1,1,0.6,small,19
1007,Occidental,3,32,Zacatecas,com,9CU,MEX,640,4923275.6,7692.618125,9351,576,1,1,0.6,small,25
1008,Occidental,3,32,Zacatecas,com,9M,MEX,336,977324.62,2908.704226,9351,218,1,1,0.6,small,24
1009,Occidental,3,32,Zacatecas,com,9N,MEX,7189,301181493,41894.76881,9351,3139,1,1,0.6,small,26
1010,Occidental,3,32,Zacatecas,res,DAC,MEX,2863,12696584,4434.713238,9351,332,1,1,0.6,small,9
1011,Occidental,3,32,Zacatecas,ind,HM,MEX,418,342995293,820562.9019,9351,61476,1,1,0.6,small,42
1012,Occidental,3,32,Zacatecas,ind,HMC,MEX,0,0,0,9351,0,1,1,0.6,small,42
1013,Occidental,3,32,Zacatecas,ind,HMCF,MEX,0,0,0,9351,0,1,1,0.6,small,42
1014,Occidental,3,32,Zacatecas,ind,HMF,MEX,0,0,0,9351,0,1,1,0.6,small,42
1015,Occidental,3,32,Zacatecas,ind,HS,MEX,11,460926237,41902385.18,9351,3139320,1,1,0.6,small,42
1016,Occidental,3,32,Zacatecas,ind,HSF,MEX,0,0,0,9351,0,1,1,0.6,small,42
1017,Occidental,3,32,Zacatecas,ind,HSL,MEX,2,20740088,10370044,9351,776922,1,1,0.6,small,42
1018,Occidental,3,32,Zacatecas,ind,HSLF,MEX,0,0,0,9351,0,1,1,0.6,small,42
1019,Occidental,3,32,Zacatecas,ind,HT,MEX,2,4172019.3,2086009.65,9351,156284,1,1,0.6,small,42
1020,Occidental,3,32,Zacatecas,ind,HTF,MEX,0,0,0,9351,0,1,1,0.6,small,42
1021,Occidental,3,32,Zacatecas,ind,HTL,MEX,0,0,0,9351,0,1,1,0.6,small,42
1022,Occidental,3,32,Zacatecas,ind,HTLF,MEX,0,0,0,9351,0,1,1,0.6,small,42
1023,Occidental,3,32,Zacatecas,ind,OM,MEX,2692,124049605,46080.83395,9351,3452,1,1,0.6,small,34
1024,Occidental,3,32,Zacatecas,ind,OMF,MEX,0,0,0,9351,0,1,1,0.6,small,34
115,Peninsular,7,4,Campeche,ind,HM,MEX,702,294217476,419113.2137,1893,31400,1,1,0.6,small,42
